Timestamp,Server_Workload(%),Inlet_Temperature(°C),Outlet_Temperature(°C),Ambient_Temperature(°C),Cooling_Unit_Power_Consumption(kW),Chiller_Usage(%),AHU_Usage(%),Total_Energy_Cost($),Temperature_Deviation(°C),Cooling_Strategy_Action,Output,scenario,severity,failure_point,sensor_status,data_quality,is_outlier,event_id
2026-07-20 10:12:36.63-07,66.34,18.96,22.14,27.37,0.820,69.39,53.31,0.0900,3.37,Boost All,3,legacy,info,,online,valid,f,748ce34b-7005-48a9-996c-e40cb3ca20b2
2026-07-20 10:12:36.655-07,67.75,22.68,25.18,21.30,0.730,62.16,46.31,0.0600,2.70,Increase Chiller,0,legacy,info,,online,valid,f,a0a464c5-761d-4803-9f1c-76d8838fa2d1
2026-07-20 10:12:36.68-07,99.73,25.59,29.62,27.23,1.050,100.00,49.67,0.1600,3.23,Maintain,2,legacy,info,,online,valid,t,d594df04-ed25-4f97-8b24-bc28824a734b
2026-07-20 10:12:36.706-07,57.08,20.69,24.28,25.54,0.670,48.68,55.91,0.1000,1.54,Eco Mode,4,legacy,info,,online,valid,f,594200bb-21e5-45e5-b95f-6013910d3c24
2026-07-20 10:12:36.732-07,72.23,21.05,27.44,24.50,0.850,78.53,45.13,0.1000,0.50,Eco Mode,4,legacy,info,,online,valid,f,60d5101d-3985-4178-b895-99efbc85b602
2026-07-20 10:12:36.757-07,68.49,20.08,20.08,25.68,0.840,71.07,54.91,0.0700,1.68,Eco Mode,4,legacy,info,,online,valid,f,104a95d5-a1c5-43a2-9529-e6d2f8203835
2026-07-20 10:12:36.783-07,64.07,20.34,25.64,27.18,0.810,66.30,55.21,0.0800,3.18,Maintain,2,legacy,info,,online,valid,f,4baab716-8784-4d48-be90-cc4fe264fc2c
2026-07-20 10:12:36.809-07,59.32,21.75,29.43,31.92,0.720,51.67,61.79,0.0600,7.92,Eco Mode,4,legacy,info,,online,valid,t,3949fadf-c292-4425-8e37-6b2949ec0c0f
2026-07-20 10:12:36.834-07,100.00,25.53,30.92,20.40,1.010,100.00,41.26,0.1200,3.60,Eco Mode,4,legacy,info,,online,valid,f,b03a98a5-e127-4545-8140-9989057e94d9
2026-07-20 10:12:36.86-07,53.20,21.63,25.34,23.31,0.560,43.29,42.40,0.0600,0.69,Boost All,3,legacy,info,,online,valid,f,63aa5d09-ac49-4f52-a699-365f98fb3adf
2026-07-20 10:12:36.886-07,24.42,15.22,20.25,25.24,0.480,25.24,55.39,0.0400,1.24,Reduce AHU,1,legacy,info,,online,valid,t,937130cd-6003-47b1-871b-350da1d20dee
2026-07-20 10:12:36.912-07,50.73,21.33,27.19,22.03,0.550,41.01,44.87,0.0700,1.97,Increase Chiller,0,legacy,info,,online,valid,f,1f38ca51-7f46-4a89-b9c9-54edb5c4a1f5
2026-07-20 13:27:19.637-07,53.02,20.09,26.21,25.11,0.700,54.10,52.45,0.0800,1.11,Eco Mode,4,legacy,info,,online,valid,f,1ccc8304-d3e2-47a5-bb2d-f70e0c41c441
2026-07-20 13:27:21.643-07,82.07,21.88,23.46,25.92,0.850,76.07,47.48,0.1200,1.92,Maintain,2,legacy,info,,online,valid,f,f6f573fd-ad99-43d1-83f0-ba15d8e258b2
2026-07-20 13:27:23.647-07,89.76,24.47,29.53,23.11,0.940,90.50,42.20,0.0800,0.89,Increase Chiller,0,legacy,info,,online,valid,f,2bd84ba2-0756-4a3f-a2e2-66529d16214c
2026-07-20 13:27:25.649-07,64.05,19.06,20.61,26.80,0.840,69.39,57.59,0.0900,2.80,Reduce AHU,1,legacy,info,,online,valid,f,2a79fda4-09e7-45b2-9cbb-7c695b5106b8
2026-07-20 13:27:27.655-07,72.11,22.00,22.46,25.18,0.800,65.45,54.30,0.1200,1.18,Reduce AHU,1,legacy,info,,online,valid,f,f276cb86-64b0-497a-935a-20981bd10953
2026-07-20 14:01:41.404-07,56.07,22.09,26.37,24.71,0.720,57.50,51.69,0.1000,0.71,Reduce AHU,1,legacy,info,,online,valid,f,d75c4666-8d63-4087-b652-7ddbe0192e7d
2026-07-20 14:01:41.509-07,61.03,21.54,25.04,23.86,0.670,52.25,49.98,0.0700,0.14,Maintain,2,legacy,info,,online,valid,f,0d2cef3c-9d61-4671-8edf-f7c4c6689e9e
2026-07-20 14:01:41.616-07,59.12,22.08,28.37,24.00,0.710,58.03,48.52,0.1000,0.00,Boost All,3,legacy,info,,online,valid,f,63e0a710-ad89-4a13-adb8-50d6f2dffd17
2026-07-20 14:01:41.722-07,82.27,22.75,28.64,26.25,0.870,73.17,57.25,0.0800,2.25,Boost All,3,legacy,info,,online,valid,f,837ed827-aa7f-49cd-b155-567df75fe74a
2026-07-20 14:01:41.828-07,37.59,17.85,18.05,25.47,0.530,32.92,53.24,0.0500,1.47,Eco Mode,4,legacy,info,,online,valid,t,80d9e221-6114-44b1-9e7a-f42225075432
2026-07-20 14:01:41.93-07,65.11,21.72,26.49,23.95,0.700,59.01,45.72,0.0600,0.05,Boost All,3,legacy,info,,online,valid,f,866f9b93-68ce-4e63-9871-273d9d237fad
2026-07-20 14:01:42.037-07,46.74,20.66,27.51,18.00,0.550,46.19,35.59,0.0400,6.00,Boost All,3,legacy,info,,online,valid,f,bb32f6f3-f17c-43b2-8628-cb364fef7f73
2026-07-20 14:01:42.144-07,64.50,21.56,25.51,19.83,0.760,68.95,41.91,0.1000,4.17,Boost All,3,legacy,info,,online,valid,f,1c12e8fa-b246-4bba-8792-a595a11d3ea2
2026-07-20 14:01:42.251-07,51.93,19.25,22.01,26.04,0.620,45.91,49.80,0.0900,2.04,Boost All,3,legacy,info,,online,valid,f,9252237d-02ed-44e4-b205-047db4dfaee1
2026-07-20 14:01:42.354-07,42.58,19.75,23.72,24.39,0.630,46.53,51.54,0.0800,0.39,Maintain,2,legacy,info,,online,valid,f,456a7fb8-6aa6-43d4-acad-bce5e544772b
2026-07-20 14:01:42.461-07,49.33,19.32,20.88,19.73,0.610,55.00,34.81,0.0800,4.27,Increase Chiller,0,legacy,info,,online,valid,f,a4c6b975-c8c9-4179-bdda-e3c9bb1134ce
2026-07-20 14:01:42.566-07,59.47,19.48,27.85,25.80,0.780,67.76,46.69,0.0800,1.80,Increase Chiller,0,legacy,info,,online,valid,f,c7c18f7d-9996-48ab-8e9a-0af8d832236d
2026-07-20 14:01:42.673-07,67.08,19.95,24.23,21.77,0.840,77.01,45.28,0.0800,2.23,Reduce AHU,1,legacy,info,,online,valid,f,1578e666-ab10-479a-be8b-557aea854b8f
2026-07-20 14:01:42.778-07,52.76,18.60,24.52,26.64,0.720,56.68,53.74,0.0900,2.64,Eco Mode,4,legacy,info,,online,valid,f,a4493519-7822-47e6-bcbc-a5e14f5e5e8f
2026-07-20 14:01:42.885-07,92.59,24.41,28.97,26.13,1.040,96.20,53.79,0.1200,2.13,Maintain,2,legacy,info,,online,valid,f,eb42e13b-074a-4d71-b052-e9b743dbc10d
2026-07-20 14:01:42.99-07,62.92,22.40,25.97,18.00,0.730,70.23,34.12,0.0900,6.00,Increase Chiller,0,legacy,info,,online,valid,f,df31eb1c-5c21-4c75-bda2-384e6a55529e
2026-07-20 14:01:43.096-07,68.73,23.05,28.05,24.79,0.760,66.18,46.00,0.1000,0.79,Boost All,3,legacy,info,,online,valid,f,5bcf17b6-2ff4-44db-81c1-802f6e53a602
2026-07-20 14:01:43.202-07,62.43,21.40,23.41,21.58,0.750,66.38,43.21,0.0900,2.42,Increase Chiller,0,legacy,info,,online,valid,f,ca171813-4e4f-4915-bc5e-d5bf739945c4
2026-07-20 14:01:43.308-07,100.00,24.77,27.70,21.92,1.000,100.00,39.52,0.1500,2.08,Maintain,2,legacy,info,,online,valid,t,e045f40c-71e7-4e07-b7b0-4d52b34bafa9
2026-07-20 14:01:43.413-07,78.96,22.58,25.16,21.30,0.890,83.73,44.12,0.1000,2.70,Boost All,3,legacy,info,,online,valid,f,8d59265e-78d3-416c-9b06-0e1dab516f5e
2026-07-20 14:01:43.519-07,68.55,21.54,22.85,26.34,0.810,65.62,57.28,0.1100,2.34,Reduce AHU,1,legacy,info,,online,valid,f,b70e3b94-e7db-45fd-bd24-3aaaaac57f57
2026-07-20 14:01:43.625-07,36.61,20.83,27.96,18.28,0.540,43.88,38.35,0.0800,5.72,Eco Mode,4,legacy,info,,online,valid,f,e718f7a7-b010-449f-a7c9-aa6eca79f300
2026-07-20 14:01:43.731-07,66.25,20.32,21.58,22.19,0.810,74.03,43.39,0.0900,1.81,Boost All,3,legacy,info,,online,valid,f,09dc78c1-0fed-437c-99c0-c402995130f8
2026-07-20 14:01:43.839-07,56.58,19.44,24.85,30.00,0.780,61.99,56.17,0.0800,6.00,Eco Mode,4,legacy,info,,online,valid,f,caf33026-74fd-416e-a682-04000a1421ba
2026-07-20 14:01:43.945-07,98.30,25.42,32.41,23.04,1.050,100.00,49.54,0.0900,0.96,Maintain,2,legacy,info,,online,valid,f,dfcd37f9-b1be-4088-baca-c422edef6807
2026-07-20 14:01:44.051-07,21.37,19.20,25.96,19.77,0.370,22.68,38.08,0.0400,4.23,Eco Mode,4,legacy,info,,online,valid,f,bf830e05-9586-47f8-b7bb-04c3b398f97a
2026-07-20 14:01:44.158-07,64.76,21.28,24.98,22.39,0.690,57.19,45.90,0.0800,1.61,Reduce AHU,1,legacy,info,,online,valid,f,75f09e1c-b5af-489b-ae68-68cbb0a74f20
2026-07-20 14:01:44.264-07,27.17,19.12,24.71,19.18,0.410,28.24,36.35,0.0500,4.82,Eco Mode,4,legacy,info,,online,valid,f,c7288ec7-d79e-4d5c-907e-2fffad883906
2026-07-20 14:01:44.37-07,79.04,21.50,24.08,19.73,0.880,84.93,40.48,0.1100,4.27,Maintain,2,legacy,info,,online,valid,f,8501a1ea-44f0-4972-8977-11fb342aeec1
2026-07-20 14:01:44.475-07,73.53,24.18,29.51,21.18,0.850,77.28,45.48,0.0800,2.82,Maintain,2,legacy,info,,online,valid,f,e33ced64-a400-4f9a-9f9e-91ac19776bcf
2026-07-20 14:01:44.579-07,61.86,21.49,29.75,22.37,0.670,55.29,44.82,0.0800,1.63,Boost All,3,legacy,info,,online,valid,f,1b461001-cfbb-4d45-be5d-5c4b452c6286
2026-07-20 14:01:44.687-07,43.92,17.60,22.03,24.44,0.540,39.54,45.18,0.0500,0.44,Reduce AHU,1,legacy,info,,online,valid,f,381903f1-e697-4b2d-8ef0-736837082804
2026-07-20 14:01:44.791-07,65.36,21.29,27.32,26.00,0.700,56.26,49.33,0.0800,2.00,Boost All,3,legacy,info,,online,valid,f,d4407deb-0659-46a3-ad69-05822f73bb47
2026-07-20 14:01:44.894-07,48.27,19.11,20.44,20.02,0.530,42.06,37.83,0.0800,3.98,Maintain,2,legacy,info,,online,valid,f,e40a3e0b-d016-4643-9398-fbfe9cb1ee33
2026-07-20 14:01:44.999-07,97.58,24.72,29.60,22.98,1.050,100.00,50.56,0.0900,1.02,Maintain,2,legacy,info,,online,valid,f,2d131873-fb9f-41a1-8854-f64c1172e50c
2026-07-20 14:01:45.105-07,76.17,22.42,26.41,23.39,0.810,68.75,51.16,0.0700,0.61,Reduce AHU,1,legacy,info,,online,valid,f,41e56bef-7f57-4b06-a883-c6e5719acdbf
2026-07-20 14:01:45.21-07,33.29,18.59,24.82,25.77,0.480,26.73,52.30,0.0600,1.77,Boost All,3,legacy,info,,online,valid,f,0de8a4e1-86e5-4ab7-ba4d-3c6df8d42e30
2026-07-20 14:01:45.317-07,32.61,18.05,24.20,25.10,0.540,38.96,45.61,0.0500,1.10,Maintain,2,legacy,info,,online,valid,f,02315554-44d5-40b6-823f-f39e8fd69cf7
2026-07-20 14:01:45.423-07,55.93,20.19,24.18,23.77,0.780,65.25,52.14,0.1100,0.23,Eco Mode,4,legacy,info,,online,valid,f,416eb739-0023-45ca-a414-8cf15140f707
2026-07-20 14:01:45.528-07,60.62,21.90,30.35,27.80,0.690,52.76,53.51,0.0900,3.80,Eco Mode,4,legacy,info,,online,valid,f,d2dfbe49-ee27-4c94-ae2e-c234aee5ca29
2026-07-20 14:01:45.633-07,49.61,20.50,26.60,22.82,0.680,58.57,42.05,0.1000,1.18,Eco Mode,4,legacy,info,,online,valid,f,100e45d8-ddc1-49f9-9c88-c780b4008a42
2026-07-20 14:01:45.739-07,45.12,17.68,21.42,25.39,0.540,37.09,47.92,0.0800,1.39,Increase Chiller,0,legacy,info,,online,valid,f,6e82e994-7fdd-4398-b0c4-1e07a0f78539
2026-07-20 14:01:45.846-07,83.91,23.66,30.86,26.62,0.870,74.76,54.76,0.1200,2.62,Increase Chiller,0,legacy,info,,online,valid,f,02a9d72f-37c9-4047-8efb-55423b184875
2026-07-20 14:01:45.953-07,76.17,23.46,31.05,23.03,0.900,83.53,46.37,0.1300,0.97,Eco Mode,4,legacy,info,,online,valid,f,0e0cb588-e52c-4363-a28c-a238831d8249
2026-07-20 14:01:46.057-07,41.39,20.42,27.26,23.88,0.580,39.79,51.99,0.0500,0.12,Maintain,2,legacy,info,,online,valid,f,9b8db332-0295-48e6-b9a3-294d9f76fbdd
2026-07-20 14:01:46.16-07,82.95,22.46,32.44,21.98,0.890,83.85,44.31,0.1300,2.02,Reduce AHU,1,legacy,info,,online,valid,f,3d3f6ec2-9347-4071-9bbd-b502a1542f5c
2026-07-20 14:01:46.264-07,69.03,21.95,28.92,24.65,0.860,77.93,46.75,0.0800,0.65,Boost All,3,legacy,info,,online,valid,f,5c7ac04c-aac6-4d59-9a25-d151c2a6c549
2026-07-20 14:01:46.367-07,74.02,22.92,28.21,23.38,0.830,75.60,44.62,0.1000,0.62,Boost All,3,legacy,info,,online,valid,f,df28fc6a-715d-40c5-945e-3f1a26c92ac7
2026-07-20 14:01:46.471-07,88.11,23.64,29.72,26.26,0.900,80.89,49.88,0.0800,2.26,Maintain,2,legacy,info,,online,valid,f,cdaf8dc8-f435-4c2a-8279-1c1fcf4392ef
2026-07-20 14:01:46.575-07,43.54,17.60,23.19,28.26,0.660,48.11,54.51,0.0600,4.26,Eco Mode,4,legacy,info,,online,valid,f,8f5b0052-12bf-4529-8d4e-53c214d891ec
2026-07-20 14:01:46.681-07,66.92,22.90,26.65,23.05,0.810,75.71,41.34,0.1000,0.95,Maintain,2,legacy,info,,online,valid,f,e5b2364b-a210-4d73-a6b6-5be0f6354829
2026-07-20 14:01:46.785-07,94.64,24.69,32.85,23.11,0.990,93.52,47.37,0.1000,0.89,Boost All,3,legacy,info,,online,valid,f,72a6e789-2ce4-4d9b-a98e-ed1acd98f61d
2026-07-20 14:01:46.891-07,75.92,22.77,26.36,25.67,0.960,85.32,54.79,0.1100,1.67,Eco Mode,4,legacy,info,,online,valid,f,e7219f94-e29a-4f3a-b981-94d93bc11844
2026-07-20 14:01:46.997-07,55.07,21.40,29.01,21.19,0.690,61.07,39.83,0.0600,2.81,Maintain,2,legacy,info,,online,valid,f,c310afbb-5719-474b-8aa9-9720553edaab
2026-07-20 14:01:47.099-07,79.44,22.19,27.94,20.18,0.820,78.66,38.25,0.0900,3.82,Boost All,3,legacy,info,,online,valid,f,3b2a71a7-f8fd-4fdb-b45b-371c042a5c85
2026-07-20 14:01:47.205-07,100.00,26.21,28.44,22.19,0.990,98.40,40.46,0.1400,1.81,Eco Mode,4,legacy,info,,online,valid,f,2e443f27-38c7-494a-ac7c-bb32282c2c4d
2026-07-20 14:01:47.309-07,32.78,18.20,22.25,24.25,0.570,40.34,49.67,0.0600,0.25,Reduce AHU,1,legacy,info,,online,valid,f,4eec9d98-785d-4ac2-bb03-31a4f8033e13
2026-07-20 14:01:47.412-07,42.75,18.86,24.70,28.96,0.570,37.54,54.34,0.0700,4.96,Increase Chiller,0,legacy,info,,online,valid,f,938b07be-2f20-4eaa-bc3b-990f8603fe4d
2026-07-20 14:01:47.518-07,74.65,22.36,27.48,26.14,0.900,81.85,50.00,0.0700,2.14,Increase Chiller,0,legacy,info,,online,valid,f,b8706553-0a90-42e7-ac51-445023af551f
2026-07-20 14:01:47.624-07,24.42,15.22,20.25,25.24,0.480,25.24,55.39,0.0400,1.24,Reduce AHU,1,legacy,info,,online,valid,t,bdd7532a-896a-43bf-9bad-85004d94a668
2026-07-20 14:01:47.728-07,58.17,21.92,25.71,24.43,0.700,54.11,53.63,0.0700,0.43,Boost All,3,legacy,info,,online,valid,f,d74b04a6-d4c6-438f-8501-9c60c6289c05
2026-07-20 14:01:47.831-07,33.28,17.23,21.45,25.25,0.510,29.15,55.22,0.0500,1.25,Eco Mode,4,legacy,info,,online,valid,f,abe01d74-b651-4a08-9b39-11f8c9e0e420
2026-07-20 14:01:47.935-07,100.00,25.84,31.18,20.99,0.930,90.67,41.46,0.1300,3.01,Boost All,3,legacy,info,,online,valid,f,210bc5b7-bbb3-4d0e-92a8-cba4411233ed
2026-07-20 14:01:48.066-07,66.54,20.83,27.73,20.50,0.760,71.86,36.78,0.0900,3.50,Reduce AHU,1,legacy,info,,online,valid,f,de2c9930-600b-4b8d-b283-cc6cbd6d619c
2026-07-20 14:01:48.169-07,98.63,24.88,32.54,20.47,1.000,97.31,44.93,0.1400,3.53,Eco Mode,4,legacy,info,,online,valid,f,6a827d90-8569-40bc-bece-7f6912454f14
2026-07-20 14:01:48.276-07,33.04,17.14,22.57,22.66,0.560,42.12,44.53,0.0500,1.34,Boost All,3,legacy,info,,online,valid,f,67c87df3-5da4-43c7-929d-ffe6db2497da
2026-07-20 14:01:48.379-07,75.99,23.29,28.36,26.06,0.840,73.86,49.87,0.0700,2.06,Reduce AHU,1,legacy,info,,online,valid,f,d04066a1-3c8a-4062-a47f-1f4066cad1c8
2026-07-20 14:01:48.482-07,55.38,21.03,26.22,20.43,0.740,64.55,45.51,0.1100,3.57,Eco Mode,4,legacy,info,,online,valid,f,9b2de6e4-2668-496b-8d15-09c88d652c83
2026-07-20 14:01:48.584-07,100.00,23.05,25.94,20.10,1.000,100.00,39.09,0.1400,3.90,Maintain,2,legacy,info,,online,valid,f,674b7afe-935a-4f30-8551-96c27f13ceaf
2026-07-20 14:01:48.691-07,96.03,22.29,26.95,27.08,1.080,100.00,56.25,0.1000,3.08,Reduce AHU,1,legacy,info,,online,valid,f,56afd330-4be6-40a9-9780-18b5af4d2ce9
2026-07-20 14:01:48.798-07,84.96,22.53,31.54,24.32,0.900,79.45,52.90,0.0900,0.32,Maintain,2,legacy,info,,online,valid,f,3d0b2dd6-9a9c-4ba2-be41-bd05cc00f1eb
2026-07-20 14:01:48.901-07,71.76,23.42,27.87,22.43,0.850,75.68,49.67,0.0700,1.57,Maintain,2,legacy,info,,online,valid,f,7ec22c07-d55c-499b-bcf9-d4ae7be77458
2026-07-20 14:01:49.006-07,82.49,25.53,29.44,21.24,0.900,85.85,43.00,0.1300,2.76,Reduce AHU,1,legacy,info,,online,valid,f,46cec9d4-1802-498e-93f9-593f4451aa0f
2026-07-20 14:01:49.11-07,58.87,20.16,25.55,25.72,0.760,62.32,51.76,0.1100,1.72,Increase Chiller,0,legacy,info,,online,valid,f,55161b91-0208-4f8e-b020-e1feba1a3fb2
2026-07-20 14:01:49.217-07,72.91,20.82,24.27,23.26,0.920,82.27,51.41,0.1300,0.74,Eco Mode,4,legacy,info,,online,valid,f,2d42548c-176b-449c-93d9-2030f10fe853
2026-07-20 14:01:49.324-07,93.40,24.09,28.99,19.58,0.890,85.61,40.38,0.0800,4.42,Maintain,2,legacy,info,,online,valid,f,75d51b13-0b06-44ee-902e-d46f203caf3f
2026-07-20 14:01:49.431-07,63.64,21.31,25.12,27.78,0.820,68.94,54.40,0.0800,3.78,Boost All,3,legacy,info,,online,valid,f,8edf0e8a-3314-457f-a26c-b7428c870205
2026-07-20 14:01:49.538-07,88.69,23.47,29.59,23.12,0.970,90.59,48.80,0.0800,0.88,Boost All,3,legacy,info,,online,valid,f,22061c82-e740-49ff-b72f-211272971e0c
2026-07-20 14:01:49.644-07,92.43,23.91,31.21,22.68,0.970,92.17,46.89,0.1100,1.32,Maintain,2,legacy,info,,online,valid,f,4012aa8d-17be-43db-91ad-5bf418e85daa
2026-07-20 14:01:49.751-07,84.65,22.09,27.78,20.62,0.790,74.67,37.78,0.0800,3.38,Boost All,3,legacy,info,,online,valid,f,dc902050-1220-4ab4-aee8-c09d79ec8cdf
2026-07-20 14:01:49.858-07,76.29,23.05,27.49,24.90,0.830,71.29,52.92,0.1200,0.90,Reduce AHU,1,legacy,info,,online,valid,f,c2aa3c8a-8bff-440f-bff7-a3d1ae46f2b9
2026-07-20 14:01:49.965-07,54.72,19.97,24.53,19.10,0.670,57.21,41.60,0.1000,4.90,Boost All,3,legacy,info,,online,valid,f,7772b3ee-4208-43ff-ba73-da5eef4cbba8
2026-07-20 14:01:50.07-07,76.73,21.03,23.62,23.82,0.910,81.84,51.41,0.1200,0.18,Reduce AHU,1,legacy,info,,online,valid,f,635bd0c0-e8ef-464c-826c-0709a6f8fd2a
2026-07-20 14:01:50.177-07,59.52,22.42,28.57,18.00,0.720,68.39,34.80,0.1000,6.00,Boost All,3,legacy,info,,online,valid,f,75dd39ea-6853-4f5f-aa5c-2abc160ac876
2026-07-20 14:01:50.281-07,84.71,24.19,31.75,24.65,0.990,90.71,53.12,0.1000,0.65,Boost All,3,legacy,info,,online,valid,f,3e153f59-dc31-4c0e-b6a1-2d358127ac4d
2026-07-20 14:01:50.387-07,51.02,22.05,26.36,28.89,0.690,49.57,58.88,0.0900,4.89,Maintain,2,legacy,info,,online,valid,f,67d7ece3-9528-441a-81e9-6f7d4aafd666
2026-07-20 14:01:50.494-07,78.06,23.52,28.67,27.21,0.850,70.22,58.08,0.0900,3.21,Increase Chiller,0,legacy,info,,online,valid,f,290a6a67-bb78-4568-bb62-14752969820d
2026-07-20 14:01:50.599-07,80.97,24.29,31.98,23.32,0.910,85.58,45.20,0.1200,0.68,Increase Chiller,0,legacy,info,,online,valid,f,dbba5db6-796d-498f-9f94-fb4fa65fcbc8
2026-07-20 14:01:50.701-07,92.72,25.30,28.46,26.14,0.970,87.48,54.74,0.1000,2.14,Increase Chiller,0,legacy,info,,online,valid,f,cdd6d22f-f7e4-4687-a63f-236aee381b1b
2026-07-20 14:01:50.806-07,87.10,24.11,27.70,27.72,1.040,95.09,55.86,0.1400,3.72,Boost All,3,legacy,info,,online,valid,f,2ea0586d-2123-425a-8add-59ed39a30814
2026-07-20 14:01:50.912-07,95.11,23.69,27.59,19.80,0.970,97.25,38.78,0.1400,4.20,Maintain,2,legacy,info,,online,valid,f,12e51ee5-7628-43ed-9fd8-0d7a76db60c3
2026-07-20 14:01:51.016-07,38.78,19.64,25.42,28.74,0.600,40.84,54.82,0.0800,4.74,Maintain,2,legacy,info,,online,valid,f,d186495f-8db4-4c56-9cb4-975cc1e1faab
2026-07-20 14:01:51.122-07,53.19,18.61,27.89,18.00,0.550,46.91,34.77,0.0500,6.00,Boost All,3,legacy,info,,online,valid,f,3e80b8a4-dc13-47f6-8a5e-9e10fcef0e14
2026-07-20 14:01:51.229-07,93.49,26.36,30.93,18.00,0.890,90.05,34.66,0.1200,6.00,Reduce AHU,1,legacy,info,,online,valid,f,0c0074df-0350-4147-a58f-57ec646cdea3
2026-07-20 14:01:51.334-07,100.00,25.31,31.40,23.01,1.030,100.00,46.45,0.1500,0.99,Boost All,3,legacy,info,,online,valid,t,d0faac8b-05b8-41ab-bef0-655d888ffe20
2026-07-20 14:01:51.442-07,71.05,22.44,25.35,26.30,0.810,69.59,51.44,0.0700,2.30,Maintain,2,legacy,info,,online,valid,f,3ab9ab57-ac09-4bf3-a0fa-e1f634a0d2aa
2026-07-20 14:01:51.545-07,46.99,20.27,26.16,26.10,0.610,44.95,49.09,0.0500,2.10,Reduce AHU,1,legacy,info,,online,valid,f,41a9aa52-f565-4073-a4c5-d1d8ea6d01b6
2026-07-20 14:01:51.653-07,83.25,24.57,31.83,20.59,0.920,90.59,38.93,0.0900,3.41,Eco Mode,4,legacy,info,,online,valid,f,62df0338-3869-497e-98b4-c95d7077a5b9
2026-07-20 14:01:51.76-07,58.75,21.63,26.65,24.92,0.770,62.89,53.03,0.0900,0.92,Increase Chiller,0,legacy,info,,online,valid,f,247c841b-a662-483c-9410-9df2f6d12137
2026-07-20 14:01:51.865-07,72.86,22.70,27.27,21.57,0.790,74.07,40.36,0.1000,2.43,Boost All,3,legacy,info,,online,valid,f,a385ec82-1d84-4fe9-9c77-0d36c4cb68eb
2026-07-20 14:01:51.97-07,42.58,19.75,23.72,24.39,0.630,46.53,51.54,0.0800,0.39,Maintain,2,legacy,info,,online,valid,f,9004ada0-3f74-410b-8a95-dad96e68a97f
2026-07-20 14:01:52.073-07,81.85,24.80,28.96,24.00,0.910,83.25,48.43,0.1000,0.00,Boost All,3,legacy,info,,online,valid,f,a2b06248-9a60-45d2-967c-ccc3c633746b
2026-07-20 14:01:52.18-07,46.56,18.81,20.10,24.48,0.580,42.10,49.41,0.0800,0.48,Increase Chiller,0,legacy,info,,online,valid,f,75ea054c-4f12-4be9-82e1-f416e1764922
2026-07-20 14:01:52.288-07,44.25,19.79,26.23,21.74,0.590,47.57,41.65,0.0700,2.26,Eco Mode,4,legacy,info,,online,valid,f,35adef05-9bf3-49e3-88c4-489f70f5dd0a
2026-07-20 14:01:52.393-07,59.41,19.40,24.38,22.69,0.710,58.54,48.80,0.1000,1.31,Maintain,2,legacy,info,,online,valid,f,2e1bd2e0-5cc8-42db-ad26-b07deb96051f
2026-07-20 14:01:52.5-07,100.00,25.31,31.40,23.01,1.030,100.00,46.45,0.1500,0.99,Boost All,3,legacy,info,,online,valid,t,8077090b-d9bc-4820-95d8-d9788fff94d8
2026-07-20 14:01:52.605-07,38.65,19.08,25.67,20.49,0.500,36.64,40.76,0.0400,3.51,Boost All,3,legacy,info,,online,valid,f,a2474d1d-4a51-4a3e-8ceb-7f347ca0d9b1
2026-07-20 14:01:52.709-07,40.99,19.65,24.52,18.00,0.530,44.09,34.51,0.0600,6.00,Eco Mode,4,legacy,info,,online,valid,f,d8b67663-ecbd-4b6c-bb46-196cd31a7039
2026-07-20 14:01:52.816-07,19.44,17.19,18.13,25.95,0.450,23.99,50.62,0.0500,1.95,Increase Chiller,0,legacy,info,,online,valid,t,1a31a01e-68b8-4991-8495-3037fcf0c4b7
2026-07-20 14:01:52.923-07,61.69,21.44,26.71,22.33,0.710,57.50,49.43,0.0800,1.67,Boost All,3,legacy,info,,online,valid,f,9d9d2de7-8353-4943-a649-bff7d99e0d9f
2026-07-20 14:01:53.03-07,61.80,19.08,24.24,26.76,0.730,61.49,48.60,0.1000,2.76,Maintain,2,legacy,info,,online,valid,f,e5dfe383-137b-4a89-92f6-712da6a943f6
2026-07-20 14:01:53.134-07,85.36,22.72,26.45,22.80,0.990,93.18,49.38,0.1000,1.20,Boost All,3,legacy,info,,online,valid,f,361429b2-dd53-476d-877e-26d00dd81179
2026-07-20 14:01:53.236-07,59.44,19.65,25.64,25.60,0.720,60.07,48.24,0.1000,1.60,Increase Chiller,0,legacy,info,,online,valid,f,2aec6b81-981e-4455-bfd4-c1cb0b3e6113
2026-07-20 14:01:53.343-07,51.94,21.10,27.54,24.37,0.660,54.48,45.21,0.0900,0.37,Increase Chiller,0,legacy,info,,online,valid,f,2475d3dc-cb1f-430b-8ab6-2e9b4c9e449b
2026-07-20 14:01:53.449-07,73.13,24.24,30.78,28.85,0.900,75.51,58.60,0.1100,4.85,Increase Chiller,0,legacy,info,,online,valid,f,72d3b410-a03b-4b08-b645-28ab615e8bb3
2026-07-20 14:01:53.557-07,47.31,17.64,22.38,24.57,0.710,56.85,50.71,0.1100,0.57,Increase Chiller,0,legacy,info,,online,valid,f,a0adf201-ce89-4ef9-a4f2-89af411e337d
2026-07-20 14:01:53.662-07,53.82,20.30,24.28,25.20,0.620,44.85,51.37,0.0800,1.20,Reduce AHU,1,legacy,info,,online,valid,f,2e192f6c-16f5-4935-b535-85c24dcd2d3c
2026-07-20 14:01:53.767-07,90.66,25.32,29.98,23.77,0.980,93.73,46.28,0.1100,0.23,Eco Mode,4,legacy,info,,online,valid,f,bc78a2a6-5bb8-4be5-87d3-3874799b8b7b
2026-07-20 14:01:53.874-07,95.27,25.34,28.77,21.76,0.910,85.59,45.34,0.0800,2.24,Increase Chiller,0,legacy,info,,online,valid,f,50d0812d-609a-4769-a095-d204571dae5c
2026-07-20 14:01:53.98-07,30.24,17.48,20.95,22.05,0.560,40.24,48.10,0.0600,1.95,Boost All,3,legacy,info,,online,valid,f,2ef824e0-eba6-4663-a7e7-dfc7b59c0f59
2026-07-20 14:01:54.087-07,48.27,20.84,27.63,22.34,0.550,41.03,44.14,0.0800,1.66,Reduce AHU,1,legacy,info,,online,valid,f,5adf968c-db54-4d61-8d9c-152f91bb7aad
2026-07-20 14:01:54.192-07,50.52,20.87,24.55,23.45,0.690,60.38,42.27,0.1000,0.55,Maintain,2,legacy,info,,online,valid,f,a65293d1-8558-4089-a679-07c8ba6219e7
2026-07-20 14:01:54.3-07,86.73,22.90,25.93,25.27,1.010,91.77,54.44,0.1400,1.27,Maintain,2,legacy,info,,online,valid,f,568ed0b7-3aa4-4fa7-acaa-a9b3fbc6846d
2026-07-20 14:01:54.405-07,61.29,20.11,25.43,26.39,0.850,71.08,56.98,0.1000,2.39,Increase Chiller,0,legacy,info,,online,valid,f,ebfc5445-b339-47db-9fd3-d5079612f418
2026-07-20 14:01:54.51-07,50.05,19.90,25.68,23.68,0.570,41.41,47.42,0.0700,0.32,Maintain,2,legacy,info,,online,valid,f,c8b0f6d4-701b-425b-b2c6-1af5342afcaa
2026-07-20 14:01:54.615-07,78.57,22.92,28.79,25.12,0.890,77.17,54.24,0.0900,1.12,Maintain,2,legacy,info,,online,valid,f,8ea63058-dbf7-4dd4-a0a5-4a5517fc7142
2026-07-20 14:01:54.723-07,82.51,23.62,30.28,29.76,0.880,74.61,56.05,0.1200,5.76,Boost All,3,legacy,info,,online,valid,f,aa4d5c80-f572-4037-8196-749870c3bb33
2026-07-20 14:01:54.83-07,56.39,20.96,26.04,23.44,0.700,59.11,45.59,0.0900,0.56,Maintain,2,legacy,info,,online,valid,f,062f95ca-cd6e-495f-80e8-956fd04ff23b
2026-07-20 14:01:54.936-07,68.63,21.73,26.44,29.17,0.870,74.93,54.14,0.1000,5.17,Increase Chiller,0,legacy,info,,online,valid,f,d0e57f25-575a-497d-a406-fd244688df31
2026-07-20 14:01:55.043-07,100.00,24.68,29.52,20.06,0.980,100.00,35.16,0.1000,3.94,Increase Chiller,0,legacy,info,,online,valid,f,ab3d49d9-dcc3-4b68-bc14-ef5ebd5ee52f
2026-07-20 14:01:55.15-07,29.31,18.20,25.02,21.89,0.510,35.04,45.19,0.0500,2.11,Increase Chiller,0,legacy,info,,online,valid,f,32610735-31af-4d4f-9c7b-f847ef72d203
2026-07-20 14:01:55.253-07,35.00,17.99,23.96,18.00,0.490,38.72,36.89,0.0700,6.00,Boost All,3,legacy,info,,online,valid,f,b7aebec2-5b55-41e2-8759-8308bc802326
2026-07-20 14:01:55.356-07,50.63,20.44,28.66,19.18,0.520,41.22,37.46,0.0700,4.82,Reduce AHU,1,legacy,info,,online,valid,f,9c7ac8f0-2465-4e88-9068-3e53ac9d9925
2026-07-20 14:01:55.463-07,72.57,22.91,27.30,30.02,0.900,71.81,65.03,0.0900,6.02,Boost All,3,legacy,info,,online,valid,f,72af0724-b6bc-4179-a67c-a1746d686e48
2026-07-20 14:01:55.567-07,66.10,20.60,24.78,22.64,0.750,66.42,44.48,0.0600,1.36,Maintain,2,legacy,info,,online,valid,f,c1b54a50-719a-47eb-ad11-fcb8813685c9
2026-07-20 14:01:55.673-07,56.71,22.69,27.08,20.23,0.620,48.95,44.74,0.0700,3.77,Reduce AHU,1,legacy,info,,online,valid,f,72573e54-561f-4000-ae6b-ee1a2f6697b3
2026-07-20 14:01:55.78-07,55.07,19.88,25.94,23.33,0.760,65.00,47.27,0.1000,0.67,Maintain,2,legacy,info,,online,valid,f,d5a99d9f-6c31-4ded-9baa-1b7dcb7b2016
2026-07-20 14:01:55.882-07,69.32,21.66,23.21,25.30,0.820,67.81,54.64,0.1200,1.30,Boost All,3,legacy,info,,online,valid,f,028fbb4a-e76a-499f-be64-10c8fdfbf3a5
2026-07-20 14:01:55.984-07,87.36,24.42,28.08,25.45,0.940,87.92,46.37,0.1000,1.45,Boost All,3,legacy,info,,online,valid,f,aee6dc13-b02b-44c1-a49d-af22ea5a2eb9
2026-07-20 14:01:56.089-07,72.04,23.04,28.72,22.35,0.760,65.46,47.88,0.1100,1.65,Increase Chiller,0,legacy,info,,online,valid,f,3c3d6cdf-c8d7-490d-9a20-27564efc5a75
2026-07-20 14:01:56.195-07,43.08,20.03,25.08,21.93,0.520,39.11,40.84,0.0500,2.07,Reduce AHU,1,legacy,info,,online,valid,f,06619a70-7417-411d-9aae-2084b939a04f
2026-07-20 14:01:56.304-07,80.18,23.74,29.92,22.52,0.800,71.95,45.15,0.0900,1.48,Increase Chiller,0,legacy,info,,online,valid,f,ad30c935-8405-43f8-b648-64661df84712
2026-07-20 14:01:56.41-07,57.12,20.58,24.72,24.66,0.620,47.99,46.36,0.0600,0.66,Reduce AHU,1,legacy,info,,online,valid,f,5f195237-7903-492e-b087-035bdff11196
2026-07-20 14:01:56.515-07,55.01,20.90,25.13,26.36,0.680,48.60,57.37,0.0800,2.36,Maintain,2,legacy,info,,online,valid,f,91dc03d0-3430-4d72-92bc-e0e5949b9ebb
2026-07-20 14:01:56.622-07,51.51,19.35,26.06,25.31,0.710,59.71,46.63,0.0600,1.31,Boost All,3,legacy,info,,online,valid,f,4d9b882b-b5eb-4549-bc94-8209cdcdc4d5
2026-07-20 14:01:56.729-07,36.30,17.55,19.21,20.91,0.430,27.23,41.68,0.0600,3.09,Increase Chiller,0,legacy,info,,online,valid,f,2c9d6a4d-ecc2-4e48-9b63-56a224e1547e
2026-07-20 14:01:56.831-07,60.18,22.74,26.35,24.13,0.720,59.85,48.76,0.1100,0.13,Reduce AHU,1,legacy,info,,online,valid,f,f172b6fc-3780-411f-8b78-dd8ed6175391
2026-07-20 14:01:56.934-07,41.41,19.22,24.32,19.20,0.610,49.30,42.49,0.0800,4.80,Boost All,3,legacy,info,,online,valid,f,dadc00ee-2bef-434b-9bbf-91ff9eaf975a
2026-07-20 14:01:57.039-07,100.00,24.37,31.45,22.21,1.040,100.00,48.52,0.0900,1.79,Boost All,3,legacy,info,,online,valid,f,4ffa91ef-7f8e-439b-af8a-44eb989fcd54
2026-07-20 14:01:57.147-07,51.77,19.55,21.11,26.28,0.730,57.58,53.26,0.0600,2.28,Increase Chiller,0,legacy,info,,online,valid,f,a682b6f5-ff44-4128-a954-a8c85d9e9c98
2026-07-20 14:01:57.254-07,50.78,20.93,28.56,23.99,0.640,50.11,48.58,0.0600,0.01,Reduce AHU,1,legacy,info,,online,valid,f,1a4e843a-b81c-4213-93a5-c41374009dcf
2026-07-20 14:01:57.359-07,53.73,21.16,27.59,21.18,0.580,44.84,44.96,0.0700,2.82,Boost All,3,legacy,info,,online,valid,f,820774b0-afa2-4270-8847-59b06a506165
2026-07-20 14:01:57.465-07,72.70,21.13,27.39,19.23,0.720,65.33,38.54,0.0700,4.77,Boost All,3,legacy,info,,online,valid,f,39ef01e9-d852-4d5d-9a9f-24e9ccb3ab13
2026-07-20 14:01:57.569-07,56.67,22.10,29.16,25.73,0.780,65.95,49.62,0.1100,1.73,Eco Mode,4,legacy,info,,online,valid,f,475a62f1-5c68-4599-ab64-b1560bb1eb0b
2026-07-20 14:01:57.674-07,77.79,23.52,26.50,22.73,0.850,80.27,41.11,0.0900,1.27,Eco Mode,4,legacy,info,,online,valid,f,70cafe92-2f85-4697-9b36-ef0bcc16ffbb
2026-07-20 14:01:57.78-07,78.30,22.00,25.38,24.64,0.930,82.84,53.02,0.1300,0.64,Eco Mode,4,legacy,info,,online,valid,f,e6c897b9-b752-47e6-8b8a-32d61f66458b
2026-07-20 14:01:57.885-07,95.46,24.52,32.00,21.57,1.020,98.02,47.63,0.0900,2.43,Reduce AHU,1,legacy,info,,online,valid,f,2ead91bc-bf5b-4c41-bfac-5b0f8c757088
2026-07-20 14:01:57.991-07,44.81,19.20,24.88,19.20,0.570,44.54,42.22,0.0600,4.80,Maintain,2,legacy,info,,online,valid,f,29b44adf-1ab9-48c1-ad73-ec81d160e705
2026-07-20 14:01:58.097-07,51.42,19.94,27.89,21.63,0.600,48.33,41.93,0.0500,2.37,Boost All,3,legacy,info,,online,valid,f,84cadb20-2659-4f61-ac2e-24a3277137f5
2026-07-20 14:01:58.203-07,68.73,23.05,28.05,24.79,0.760,66.18,46.00,0.1000,0.79,Boost All,3,legacy,info,,online,valid,f,6ae496cb-d14a-4baf-983a-656b71a3843f
2026-07-20 14:01:58.309-07,49.40,19.27,22.66,28.96,0.710,51.48,59.97,0.0600,4.96,Eco Mode,4,legacy,info,,online,valid,f,f791ffa2-85e4-498e-b60e-c769d2b7dcaf
2026-07-20 14:01:58.415-07,72.83,23.41,30.29,24.44,0.840,74.73,48.39,0.1200,0.44,Maintain,2,legacy,info,,online,valid,f,dd4778a1-0a1a-4ff3-ab43-22b7a3fab4d6
2026-07-20 14:01:58.522-07,25.80,17.71,20.85,23.21,0.470,31.12,43.88,0.0600,0.79,Boost All,3,legacy,info,,online,valid,f,09dd5e56-1f5a-40b4-8224-19d11a087972
2026-07-20 14:01:58.628-07,45.47,19.17,22.84,23.35,0.570,41.26,48.59,0.0600,0.65,Reduce AHU,1,legacy,info,,online,valid,f,7ad15580-6de9-4f76-90a7-0a67cec72f27
2026-07-20 14:01:58.734-07,70.31,24.45,26.09,21.59,0.700,61.01,41.62,0.0800,2.41,Reduce AHU,1,legacy,info,,online,valid,f,7c1fabe1-8c2e-4aef-95d5-186f8175bf38
2026-07-20 14:01:58.84-07,61.39,22.03,31.05,23.47,0.690,57.42,46.30,0.1000,0.53,Eco Mode,4,legacy,info,,online,valid,f,38d9bb92-bd2e-40c4-86e5-4480bf42618d
2026-07-20 14:01:58.944-07,51.60,20.44,28.45,26.10,0.730,58.19,52.69,0.1000,2.10,Eco Mode,4,legacy,info,,online,valid,f,22d5f850-67f6-4c75-b74f-e81ef1d86364
2026-07-20 14:01:59.049-07,58.68,20.48,24.44,26.94,0.660,49.38,53.64,0.0800,2.94,Boost All,3,legacy,info,,online,valid,f,961e4815-6b7f-41fe-a9ee-3d6238b80baa
2026-07-20 14:01:59.156-07,60.79,19.68,23.76,26.25,0.720,54.21,57.21,0.1000,2.25,Increase Chiller,0,legacy,info,,online,valid,f,a322b352-0ba6-43eb-aa0b-3fe2ee878e37
2026-07-20 14:01:59.262-07,100.00,26.02,32.06,26.21,1.080,100.00,56.88,0.0900,2.21,Increase Chiller,0,legacy,info,,online,valid,f,fc82dd90-d487-4095-8dfc-eb7ee1522f78
2026-07-20 14:01:59.368-07,36.24,18.74,23.80,22.29,0.560,44.97,40.47,0.0800,1.71,Reduce AHU,1,legacy,info,,online,valid,f,e39dc946-8ca1-4b85-8e19-63926b0355d2
2026-07-20 14:01:59.475-07,79.93,22.35,25.10,25.48,0.950,89.03,47.39,0.0800,1.48,Eco Mode,4,legacy,info,,online,valid,f,6c47b92a-3579-4642-8f5f-a0a971f9b55f
2026-07-20 14:01:59.58-07,100.00,23.21,28.30,27.61,1.070,96.75,59.87,0.1500,3.61,Reduce AHU,1,legacy,info,,online,valid,t,8162204d-53f8-434c-8ce7-94c940161d22
2026-07-20 14:01:59.684-07,75.59,21.71,29.86,24.20,0.860,76.16,50.55,0.0800,0.20,Increase Chiller,0,legacy,info,,online,valid,f,4ef812db-5917-4d9a-ba50-708495017a70
2026-07-20 14:01:59.789-07,57.65,20.35,29.82,26.31,0.720,58.01,51.77,0.0900,2.31,Eco Mode,4,legacy,info,,online,valid,f,0f60deae-b288-4620-b7df-e161a871f746
2026-07-20 14:01:59.896-07,70.76,23.37,28.44,23.48,0.830,76.86,43.48,0.1200,0.52,Eco Mode,4,legacy,info,,online,valid,f,55c3df20-3a84-4efa-b988-a5b8248160a6
2026-07-20 14:02:00-07,98.23,23.97,29.22,30.95,1.100,100.00,59.11,0.1100,6.95,Reduce AHU,1,legacy,info,,online,valid,t,1235811a-1700-4374-bc2a-9e7d5ece97dd
2026-07-20 14:02:00.103-07,43.77,19.33,24.27,19.80,0.600,50.17,39.84,0.0600,4.20,Eco Mode,4,legacy,info,,online,valid,f,5d4c379d-cd01-47c7-8af3-9a568b66c6df
2026-07-20 14:02:00.208-07,31.63,19.09,26.28,22.62,0.480,31.82,45.42,0.0600,1.38,Maintain,2,legacy,info,,online,valid,f,347d0693-cae8-4e8a-9c5e-bc147f4d8710
2026-07-20 14:02:00.314-07,67.72,20.97,26.64,25.64,0.850,72.98,53.84,0.1300,1.64,Boost All,3,legacy,info,,online,valid,f,48c53cd8-efe2-4f44-baa4-bb9ee4706c7d
2026-07-20 14:02:00.418-07,70.11,22.21,26.39,24.98,0.820,73.48,47.29,0.1100,0.98,Increase Chiller,0,legacy,info,,online,valid,f,5f553a8f-3db4-4894-b8d1-98033009f9f7
2026-07-20 14:02:00.525-07,59.75,19.50,20.76,29.56,0.780,60.77,58.55,0.1000,5.56,Reduce AHU,1,legacy,info,,online,valid,f,6cd67784-6e37-4d0f-a5a1-361b4029d208
2026-07-20 14:02:00.632-07,40.99,19.65,24.52,18.00,0.530,44.09,34.51,0.0600,6.00,Eco Mode,4,legacy,info,,online,valid,f,00c98e4a-2080-4d87-910b-882cc1aec10d
2026-07-20 14:02:00.739-07,64.58,20.87,28.75,24.99,0.780,63.70,53.78,0.0700,0.99,Boost All,3,legacy,info,,online,valid,f,0c975560-28f5-40e3-8c5f-4886dd614a94
2026-07-20 14:02:00.845-07,100.00,24.82,29.78,21.44,0.960,90.90,47.24,0.1000,2.56,Eco Mode,4,legacy,info,,online,valid,f,2e93e742-54a6-41f9-92cd-7a35e4f0aaf0
2026-07-20 14:02:00.952-07,73.35,23.94,31.05,27.69,0.900,77.48,56.90,0.1300,3.69,Reduce AHU,1,legacy,info,,online,valid,f,2221ee9c-da9a-4839-88a6-988cf5615f38
2026-07-20 14:02:01.06-07,50.72,20.75,26.91,21.76,0.560,41.48,46.58,0.0700,2.24,Maintain,2,legacy,info,,online,valid,f,ff368164-d8e3-4f9d-ac07-f321225f9b35
2026-07-20 14:02:01.167-07,35.84,18.33,22.48,23.74,0.460,29.79,45.34,0.0400,0.26,Reduce AHU,1,legacy,info,,online,valid,f,d75a2bf0-d8ad-45c1-8e36-869e599e7320
2026-07-20 14:02:01.273-07,61.92,19.54,23.84,24.55,0.710,59.51,47.24,0.0900,0.55,Increase Chiller,0,legacy,info,,online,valid,f,e01d2aa1-0756-401a-842b-c4aef92e11b2
2026-07-20 14:02:01.379-07,67.88,22.53,30.07,26.27,0.840,71.27,53.45,0.1100,2.27,Eco Mode,4,legacy,info,,online,valid,f,662b5750-b8dd-4bec-99af-a3ecb2e90910
2026-07-20 14:02:01.485-07,63.89,22.42,28.21,25.73,0.770,64.39,50.11,0.0800,1.73,Boost All,3,legacy,info,,online,valid,f,5fc4b701-fae3-4bb1-b68b-ffa3cdd53b31
2026-07-20 14:02:01.591-07,85.31,23.20,27.54,24.66,0.880,76.97,52.18,0.0900,0.66,Boost All,3,legacy,info,,online,valid,f,03c5d862-2e2c-4670-afc4-d40b1bcd688e
2026-07-20 14:02:01.697-07,62.51,21.93,28.72,27.92,0.830,70.73,52.67,0.0800,3.92,Increase Chiller,0,legacy,info,,online,valid,f,928f4d01-e8a2-4f7e-b9d4-2da774b51ccb
2026-07-20 14:02:01.803-07,51.81,17.92,24.23,25.45,0.680,51.50,54.48,0.0800,1.45,Maintain,2,legacy,info,,online,valid,f,04481a6f-7e8d-41b5-a996-02f18ed1eba7
2026-07-20 14:02:01.908-07,100.00,26.76,31.76,25.78,1.040,100.00,47.87,0.0900,1.78,Reduce AHU,1,legacy,info,,online,valid,f,ffd35c3c-e8be-4fc4-8b1d-b9e933efdab1
2026-07-20 14:02:02.016-07,48.47,20.67,24.49,25.15,0.650,46.38,54.96,0.0700,1.15,Increase Chiller,0,legacy,info,,online,valid,f,3307bb74-d553-4cf5-8f91-fce2a69c20d9
2026-07-20 14:02:02.121-07,65.92,20.32,23.32,20.59,0.740,66.24,41.91,0.0700,3.41,Increase Chiller,0,legacy,info,,online,valid,f,0931f3b8-0b10-4684-be2b-2a99d6239a4a
2026-07-20 14:02:02.228-07,64.94,23.20,25.58,27.05,0.750,61.37,51.69,0.1000,3.05,Reduce AHU,1,legacy,info,,online,valid,f,c76316cc-87f9-426a-b46a-34fe64679d2b
2026-07-20 14:02:02.335-07,47.89,20.30,26.69,28.01,0.650,44.67,58.49,0.0600,4.01,Boost All,3,legacy,info,,online,valid,f,8b58411f-d53c-45ec-a078-84c22e847aec
2026-07-20 14:02:02.442-07,100.00,23.64,27.03,18.04,0.930,93.53,37.01,0.0900,5.96,Boost All,3,legacy,info,,online,valid,f,a079d2ec-a812-43dd-a5f8-2c8f8cd37cad
2026-07-21 10:09:38.215-07,39.41,18.93,22.85,19.13,0.540,42.51,40.15,0.0600,4.87,Maintain,2,legacy,info,,online,valid,f,5b0c6659-8be5-440d-895c-4266078900a5
2026-07-21 10:09:40.223-07,85.02,23.38,27.07,21.00,0.980,94.08,46.18,0.0900,3.00,Maintain,2,legacy,info,,online,valid,f,8777d15c-e90e-4b2e-b87a-0cd8d6def6f9
2026-07-21 10:09:42.229-07,27.70,16.22,21.87,20.95,0.390,24.57,39.55,0.0300,3.05,Boost All,3,legacy,info,,online,valid,f,42a29343-faa7-4f2d-b681-9c819be66ce2
2026-07-21 10:09:44.233-07,69.42,21.23,28.13,26.54,0.790,67.84,49.21,0.0900,2.54,Boost All,3,legacy,info,,online,valid,f,17641f50-685f-46f9-b25d-e62b33e87904
2026-07-21 10:09:46.238-07,96.75,26.06,35.78,28.38,1.100,100.00,60.55,0.1000,4.38,Increase Chiller,0,legacy,info,,online,valid,t,2d261a16-69a3-40ed-945d-06d61ea18aae
2026-07-21 10:09:48.244-07,84.67,23.97,29.94,22.46,0.870,77.63,49.89,0.0800,1.54,Boost All,3,legacy,info,,online,valid,f,e61a21a0-f4fc-431b-9cd0-ffaf8abd3570
2026-07-21 10:18:53.051-07,65.00,22.05,24.59,19.22,0.640,55.62,39.83,0.0700,4.78,Increase Chiller,0,legacy,info,,online,valid,f,7fc063ac-7026-4401-a9eb-247ea21ed3a4
2026-07-21 10:18:53.561-07,72.86,21.87,22.15,25.75,0.830,71.86,51.52,0.1200,1.75,Increase Chiller,0,legacy,info,,online,valid,f,6b7e2fd5-57e1-448a-aade-458c52c5689a
2026-07-21 10:18:54.067-07,87.26,23.83,27.23,25.68,0.890,82.25,47.24,0.1000,1.68,Boost All,3,legacy,info,,online,valid,f,c2caa3dc-dfcc-446b-a104-6719e04aada3
2026-07-21 10:18:54.571-07,48.97,21.08,25.76,24.14,0.710,57.37,49.22,0.0700,0.14,Eco Mode,4,legacy,info,,online,valid,f,4d32fb02-29ee-4d8b-a734-a5edcd3b6d7d
2026-07-21 10:18:55.076-07,72.19,20.77,25.28,22.54,0.890,79.95,49.27,0.0800,1.46,Maintain,2,legacy,info,,online,valid,f,fcb1b667-822f-49d8-baab-8d61cac413c5
2026-07-21 10:18:55.579-07,77.13,21.87,27.78,27.40,0.870,76.03,52.05,0.1000,3.40,Boost All,3,legacy,info,,online,valid,f,2b1c97ae-2ce1-4c30-ab14-b141bab61954
2026-07-21 10:18:56.084-07,78.73,22.43,28.64,24.78,0.930,85.85,49.25,0.1100,0.78,Increase Chiller,0,legacy,info,,online,valid,f,f6659a51-efad-4c15-89c2-8cbff55cb381
2026-07-21 10:18:56.59-07,42.81,19.99,26.85,24.53,0.680,52.58,50.98,0.0900,0.53,Maintain,2,legacy,info,,online,valid,f,8ce986a0-090a-49a4-9721-d43646d6a9b8
2026-07-21 10:18:57.094-07,44.62,19.83,25.61,21.72,0.520,37.38,43.47,0.0600,2.28,Eco Mode,4,legacy,info,,online,valid,f,3515064b-a9d0-407d-bbba-4cc67bf93bf5
2026-07-21 10:18:57.6-07,50.98,20.78,24.70,21.43,0.640,56.09,38.00,0.0500,2.57,Increase Chiller,0,legacy,info,,online,valid,f,652aaa92-0bf7-40c0-a5c1-287fc63c458b
2026-07-21 10:18:58.108-07,44.87,19.82,27.49,22.47,0.530,38.47,43.79,0.0600,1.53,Eco Mode,4,legacy,info,,online,valid,f,233097ee-874e-4343-b408-2e98f1afdb57
2026-07-21 10:18:58.614-07,49.49,22.63,27.79,23.07,0.600,46.70,45.97,0.0700,0.93,Eco Mode,4,legacy,info,,online,valid,f,72eb9ee5-ab62-4ed2-ae05-5aa0a223723c
2026-07-21 10:18:59.118-07,67.51,21.88,24.08,28.08,0.800,66.24,54.51,0.0700,4.08,Boost All,3,legacy,info,,online,valid,f,1d563cc7-493c-4ec7-9c74-3bf7090555a6
2026-07-21 10:18:59.625-07,85.11,24.09,29.41,22.27,0.910,88.56,41.20,0.0800,1.73,Maintain,2,legacy,info,,online,valid,f,cc9548cd-98f2-48ec-8253-a8ebaf722047
2026-07-21 10:19:00.129-07,42.58,19.75,23.72,24.39,0.630,46.53,51.54,0.0800,0.39,Maintain,2,legacy,info,,online,valid,f,772a1e13-46e6-437d-a536-e42a6e079010
2026-07-21 10:19:00.635-07,63.68,20.25,27.60,20.94,0.760,69.54,41.42,0.0800,3.06,Eco Mode,4,legacy,info,,online,valid,f,baedf230-97d2-4cf9-bdf4-dfd6301ab4da
2026-07-21 10:19:01.142-07,84.73,23.81,29.84,21.17,0.820,76.34,40.99,0.1100,2.83,Maintain,2,legacy,info,,online,valid,f,9450540b-b768-46ab-a604-f9e2d25405a6
2026-07-21 10:19:01.646-07,55.25,20.62,24.31,27.57,0.700,50.40,59.82,0.0700,3.57,Increase Chiller,0,legacy,info,,online,valid,f,89d33343-4eb4-4249-996a-b289c0092c25
2026-07-21 10:19:02.151-07,47.56,19.08,21.25,21.32,0.600,50.40,39.69,0.0700,2.68,Boost All,3,legacy,info,,online,valid,f,86205b08-2f68-458f-b5ec-edfda0281afa
2026-07-21 10:19:02.654-07,68.56,22.59,25.80,21.23,0.680,59.09,42.08,0.0700,2.77,Boost All,3,legacy,info,,online,valid,f,0098a58e-d217-4d36-ae2e-d17d3380f5d7
2026-07-21 10:19:03.161-07,51.34,19.80,25.97,22.09,0.560,44.88,39.89,0.0800,1.91,Maintain,2,legacy,info,,online,valid,f,6ca7ee5f-7b12-4f79-a1a2-ea07cf12f9aa
2026-07-21 10:19:03.665-07,50.65,20.62,25.55,21.63,0.660,52.36,47.81,0.0900,2.37,Maintain,2,legacy,info,,online,valid,f,9d48822c-ba23-4a7e-86a9-84d72d5ecd25
2026-07-21 10:19:04.169-07,73.46,24.29,29.88,26.26,0.880,76.08,53.62,0.0700,2.26,Maintain,2,legacy,info,,online,valid,f,0b87892a-d089-48eb-b768-97db03e24a34
2026-07-21 10:19:04.679-07,82.78,24.13,32.77,24.98,0.990,91.86,51.50,0.1400,0.98,Eco Mode,4,legacy,info,,online,valid,f,1eab6298-a8c8-4280-add5-292be421a9d1
2026-07-21 10:19:05.185-07,88.20,24.48,27.10,21.95,1.010,96.81,47.38,0.1300,2.05,Increase Chiller,0,legacy,info,,online,valid,f,4ff25169-5017-4a73-953d-edb45d97f7ff
2026-07-21 10:19:05.691-07,62.78,22.60,31.05,25.31,0.820,71.04,50.20,0.1000,1.31,Reduce AHU,1,legacy,info,,online,valid,f,ae79c80c-dcc1-44d8-baaa-ecfd1cdd07aa
2026-07-21 10:19:06.194-07,80.89,24.65,33.12,20.62,0.890,83.79,43.02,0.0800,3.38,Reduce AHU,1,legacy,info,,online,valid,f,214f3371-8ed2-46da-bc8e-758ea1b694b8
2026-07-21 10:19:06.701-07,70.29,20.55,31.54,22.54,0.780,70.27,42.88,0.1000,1.46,Reduce AHU,1,legacy,info,,online,valid,f,7d9fedaa-99c5-4fdc-a794-90b03d9af03d
2026-07-21 10:19:07.202-07,71.99,22.45,25.78,25.24,0.870,78.83,47.79,0.0800,1.24,Boost All,3,legacy,info,,online,valid,f,bcac7496-e0b3-418f-84f5-ba1bb2008feb
2026-07-21 10:19:07.708-07,92.63,23.45,24.44,22.58,0.900,83.60,46.66,0.0700,1.42,Eco Mode,4,legacy,info,,online,valid,f,1f1a0fcb-b5d1-4606-a79a-f3f1e6bc8a1d
2026-07-21 10:19:08.214-07,46.85,20.03,23.40,23.00,0.590,45.57,45.93,0.0600,1.00,Increase Chiller,0,legacy,info,,online,valid,f,f084fd09-fb30-4073-9c45-53eb1ddd842f
2026-07-21 10:19:08.719-07,96.35,24.11,27.89,21.85,1.040,100.00,48.31,0.1300,2.15,Reduce AHU,1,legacy,info,,online,valid,f,8cc2861f-f5f6-4aaf-92e4-9223540426ef
2026-07-21 10:19:09.224-07,63.55,22.44,25.63,25.43,0.770,66.95,47.43,0.1000,1.43,Increase Chiller,0,legacy,info,,online,valid,f,93b1d28d-8848-4be9-a240-263a39cc8955
2026-07-21 10:19:09.731-07,51.79,19.00,24.48,22.66,0.600,46.08,45.38,0.0800,1.34,Eco Mode,4,legacy,info,,online,valid,f,0082d2cb-4981-48d5-8f03-714f03a2debf
2026-07-21 10:19:10.236-07,80.73,23.51,29.46,23.49,0.910,85.78,43.80,0.0900,0.51,Increase Chiller,0,legacy,info,,online,valid,f,9f86cebd-4e90-4928-9648-3d08613e3757
2026-07-21 10:19:10.74-07,18.26,17.47,21.26,25.86,0.410,20.00,50.58,0.0400,1.86,Maintain,2,legacy,info,,online,valid,f,e7d5dfac-e725-42b7-a7c8-5c57897c8d16
2026-07-21 10:19:11.242-07,92.17,24.10,27.95,23.10,1.000,96.54,45.52,0.1500,0.90,Boost All,3,legacy,info,,online,valid,t,994663e2-1a04-45bf-971c-699a358733a8
2026-07-21 10:19:11.744-07,70.88,22.31,28.41,22.15,0.840,79.41,41.04,0.0900,1.85,Reduce AHU,1,legacy,info,,online,valid,f,de82cda1-12f8-4b29-991f-2e985efde6f9
2026-07-21 10:19:12.25-07,98.23,23.97,29.22,30.95,1.100,100.00,59.11,0.1100,6.95,Reduce AHU,1,legacy,info,,online,valid,t,36e63bc8-2d0b-41f6-8dbb-02d958fa5516
2026-07-21 10:19:12.757-07,36.30,17.55,19.21,20.91,0.430,27.23,41.68,0.0600,3.09,Increase Chiller,0,legacy,info,,online,valid,f,5941baef-28b6-4f9d-9cbf-e342f21b2847
2026-07-21 10:19:13.262-07,73.15,23.08,27.08,19.70,0.820,76.73,41.18,0.1000,4.30,Increase Chiller,0,legacy,info,,online,valid,f,46176d64-3717-4d53-bfc3-e32eec90182c
2026-07-21 10:19:13.769-07,91.43,23.69,25.97,19.71,0.860,85.56,35.49,0.0800,4.29,Increase Chiller,0,legacy,info,,online,valid,f,84c33c4e-dde1-4390-99cb-ab91f4962dfe
2026-07-21 10:19:14.274-07,79.11,22.56,26.81,23.48,0.930,89.04,44.36,0.1400,0.52,Maintain,2,legacy,info,,online,valid,f,01b99f99-ac3b-4238-8d7d-e5f77d6da112
2026-07-21 10:19:14.777-07,30.42,18.25,23.89,22.98,0.400,20.49,46.43,0.0300,1.02,Maintain,2,legacy,info,,online,valid,f,6654d612-da0f-4ad9-b8e9-47056a155f1b
2026-07-21 10:19:15.284-07,100.00,23.64,27.03,18.04,0.930,93.53,37.01,0.0900,5.96,Boost All,3,legacy,info,,online,valid,f,c9774da6-9c0c-4b6a-b997-7fed84a4b01a
2026-07-21 10:19:15.789-07,59.72,23.19,32.18,25.99,0.790,67.99,49.57,0.0700,1.99,Increase Chiller,0,legacy,info,,online,valid,f,461dbd30-9be1-41ee-8ef7-a75a0834758a
2026-07-21 10:19:16.29-07,61.31,19.89,29.32,19.50,0.750,71.26,35.44,0.0800,4.50,Eco Mode,4,legacy,info,,online,valid,f,f4c604d4-9769-45cf-842c-e5496984d831
2026-07-21 10:19:16.797-07,29.64,17.85,24.41,21.01,0.380,23.96,37.44,0.0400,2.99,Eco Mode,4,legacy,info,,online,valid,f,2825f642-c2c6-42ed-89e7-4f917ffb1b67
2026-07-21 10:19:17.301-07,54.27,20.27,21.79,22.80,0.660,52.48,48.30,0.0700,1.20,Reduce AHU,1,legacy,info,,online,valid,f,3b216bc5-7234-4cb6-acc8-0e8aa436070f
2026-07-21 10:19:17.806-07,47.96,21.23,27.60,24.08,0.630,51.19,44.62,0.0700,0.08,Maintain,2,legacy,info,,online,valid,f,66f3d0f2-ad7a-48a4-baed-46569a2cc9b3
2026-07-21 10:19:18.314-07,64.86,21.23,27.85,21.19,0.680,59.15,40.85,0.0900,2.81,Boost All,3,legacy,info,,online,valid,f,61e5bf50-3d23-4623-9a4e-8ac66f8217a1
2026-07-21 10:19:18.82-07,32.25,17.70,23.31,23.13,0.590,42.22,50.29,0.0600,0.87,Increase Chiller,0,legacy,info,,online,valid,f,75f7cf4e-12bd-41e1-ada1-b86b15d12801
2026-07-21 10:19:19.325-07,100.00,24.16,29.19,20.94,0.990,99.84,38.87,0.0900,3.06,Boost All,3,legacy,info,,online,valid,f,c688bd43-ad9c-4808-9521-4fc6b5a8af11
2026-07-21 10:19:19.832-07,76.25,23.85,28.87,19.57,0.860,85.20,35.05,0.1000,4.43,Boost All,3,legacy,info,,online,valid,f,2d3da32a-a04e-46aa-8ee8-984f0d6d959d
2026-07-21 10:19:20.342-07,64.07,20.34,25.64,27.18,0.810,66.30,55.21,0.0800,3.18,Maintain,2,legacy,info,,online,valid,f,a5defd76-85a2-4480-a908-8e8a129101c9
2026-07-21 10:19:20.849-07,75.20,23.09,28.50,30.39,0.850,69.97,58.90,0.1200,6.39,Increase Chiller,0,legacy,info,,online,valid,f,72e50ab5-dfdc-471c-8e9d-a2ee7279bfda
2026-07-21 10:19:21.355-07,61.77,21.26,30.38,20.83,0.660,59.53,36.75,0.1000,3.17,Maintain,2,legacy,info,,online,valid,f,6df89b9b-106b-4815-828c-156794ad42ad
2026-07-21 10:19:21.86-07,46.59,19.76,22.72,23.72,0.610,50.28,42.49,0.0600,0.28,Maintain,2,legacy,info,,online,valid,f,17833546-2706-4425-98df-93e38bc599b7
2026-07-21 10:19:22.366-07,90.19,22.94,29.59,19.26,0.990,99.87,38.89,0.0800,4.74,Increase Chiller,0,legacy,info,,online,valid,f,2743126c-732e-4f3b-900b-3eb5b6b1472a
2026-07-21 10:19:22.872-07,83.45,25.15,29.78,25.23,0.860,76.33,49.12,0.1200,1.23,Reduce AHU,1,legacy,info,,online,valid,f,ce60fe5f-3f59-4231-930d-0991b4504b9e
2026-07-21 10:19:23.38-07,63.41,22.57,27.03,18.00,0.620,56.42,32.95,0.0700,6.00,Eco Mode,4,legacy,info,,online,valid,f,f157a19e-14fe-4186-b935-7321fb7d1fa7
2026-07-21 10:19:23.884-07,15.71,15.09,19.50,25.27,0.430,20.00,54.27,0.0600,1.27,Reduce AHU,1,legacy,info,,online,valid,t,ee55b401-b7cb-4edc-bfe5-3cf8c4d4a0da
2026-07-21 10:19:24.389-07,48.09,18.09,25.20,23.75,0.600,46.25,46.65,0.0900,0.25,Eco Mode,4,legacy,info,,online,valid,f,1ee81673-c405-48b8-92a2-aa16e8cddcba
2026-07-21 10:19:24.894-07,55.53,21.50,26.09,22.39,0.710,58.20,47.96,0.0900,1.61,Maintain,2,legacy,info,,online,valid,f,273eec16-f978-4321-ad6f-d7a43d13d22b
2026-07-21 10:19:25.399-07,64.18,21.01,25.68,26.59,0.810,69.52,50.27,0.0900,2.59,Eco Mode,4,legacy,info,,online,valid,f,6c086230-0968-4da3-86d0-5579a6c67d4c
2026-07-21 10:19:25.904-07,96.40,24.60,26.35,21.51,1.010,100.00,42.12,0.1300,2.49,Reduce AHU,1,legacy,info,,online,valid,f,c0a9f979-68e0-4c1d-8ff5-a75dcbcbe7e6
2026-07-21 10:19:26.41-07,64.66,21.51,26.59,31.41,0.920,73.55,66.00,0.1300,7.41,Reduce AHU,1,legacy,info,,online,valid,t,b4f279c3-4183-4331-aa4a-bbb1503345b8
2026-07-21 10:19:26.917-07,14.79,15.14,19.80,26.57,0.410,20.00,49.41,0.0400,2.57,Eco Mode,4,legacy,info,,online,valid,t,bda57201-841b-486c-92a3-c43da0dc9288
2026-07-21 10:19:27.424-07,71.27,21.78,24.85,20.51,0.760,69.07,41.12,0.1100,3.49,Reduce AHU,1,legacy,info,,online,valid,f,2af483e8-53c7-4c53-b993-0c241a34e3c3
2026-07-21 10:19:27.93-07,67.23,20.19,24.63,24.40,0.770,67.75,46.03,0.0900,0.40,Maintain,2,legacy,info,,online,valid,f,8efa4521-466c-4eca-b836-0b50895092a3
2026-07-21 10:19:28.435-07,81.94,23.85,27.78,26.55,0.890,78.46,53.35,0.1300,2.55,Increase Chiller,0,legacy,info,,online,valid,f,5c783fec-b193-4cd0-a394-e65711b4da0d
2026-07-21 10:19:28.942-07,72.57,22.91,27.30,30.02,0.900,71.81,65.03,0.0900,6.02,Boost All,3,legacy,info,,online,valid,f,afef991b-39f5-4539-ba82-746287f9167c
2026-07-21 10:19:29.448-07,100.00,24.68,29.52,20.06,0.980,100.00,35.16,0.1000,3.94,Increase Chiller,0,legacy,info,,online,valid,f,9c83a67a-22bf-43e7-8037-c33a5a2eba4b
2026-07-21 10:19:29.954-07,89.85,23.34,26.83,23.19,1.020,95.53,50.82,0.1000,0.81,Reduce AHU,1,legacy,info,,online,valid,f,210354ee-637e-4706-b282-4c386fa828a4
2026-07-21 10:19:30.457-07,52.99,21.34,27.36,24.45,0.720,62.04,44.99,0.0900,0.45,Eco Mode,4,legacy,info,,online,valid,f,11ab323b-af10-4f26-9409-131331887eb7
2026-07-21 10:19:30.963-07,55.61,19.09,25.10,21.06,0.660,59.36,37.73,0.0700,2.94,Maintain,2,legacy,info,,online,valid,f,63b6be8a-0e83-4dc7-8bc8-c338d14b7fc2
2026-07-21 10:19:31.467-07,63.50,20.97,26.53,25.39,0.830,72.64,50.07,0.1100,1.39,Reduce AHU,1,legacy,info,,online,valid,f,4c958024-1c42-47a8-b68b-6ab63a867bcf
2026-07-21 10:19:31.974-07,52.49,21.09,25.65,27.41,0.740,59.23,53.48,0.0800,3.41,Boost All,3,legacy,info,,online,valid,f,f5639cdd-31c2-4739-a56a-b6f4a9f4213c
2026-07-21 10:19:32.48-07,42.74,18.22,23.73,26.40,0.650,49.00,52.35,0.0700,2.40,Reduce AHU,1,legacy,info,,online,valid,f,48cf8472-92d7-40ce-aa2d-d8d5ee168917
2026-07-21 10:19:32.985-07,64.50,21.56,25.51,19.83,0.760,68.95,41.91,0.1000,4.17,Boost All,3,legacy,info,,online,valid,f,3694a86d-3864-451e-825e-e5f9afa8928c
2026-07-21 10:19:33.491-07,56.56,20.31,25.82,24.76,0.730,60.01,50.05,0.1000,0.76,Reduce AHU,1,legacy,info,,online,valid,f,7266b6d5-a0f6-4802-9a1d-cd6a57172350
2026-07-21 10:19:33.994-07,100.00,24.39,27.86,19.28,0.970,100.00,34.38,0.0900,4.72,Boost All,3,legacy,info,,online,valid,f,df624d9e-af56-4174-b0ed-202f0a92fa0b
2026-07-21 10:19:34.501-07,99.73,25.59,29.62,27.23,1.050,100.00,49.67,0.1600,3.23,Maintain,2,legacy,info,,online,valid,t,79b6185e-cab9-4738-8001-91a579f5e7ee
2026-07-21 10:19:35.008-07,49.55,19.58,24.14,26.80,0.620,44.68,53.13,0.0900,2.80,Increase Chiller,0,legacy,info,,online,valid,f,bce18c29-cba5-4141-b256-606dce1472a7
2026-07-21 10:19:35.514-07,64.46,21.88,26.05,25.78,0.780,66.73,50.06,0.0800,1.78,Boost All,3,legacy,info,,online,valid,f,913c5f89-df3a-42b2-9c43-6ee3def5ffa4
2026-07-21 10:19:36.021-07,55.37,19.71,24.49,23.66,0.640,47.03,51.88,0.0600,0.34,Maintain,2,legacy,info,,online,valid,f,80702d1e-4f86-4a7a-9201-ea2194d21590
2026-07-21 10:19:36.524-07,64.51,21.05,26.31,25.29,0.820,72.49,47.91,0.0800,1.29,Increase Chiller,0,legacy,info,,online,valid,f,fdda11dc-bdd7-4219-bcde-436a46e0307c
2026-07-21 10:19:37.028-07,62.61,20.12,24.26,22.11,0.710,63.44,41.40,0.0900,1.89,Eco Mode,4,legacy,info,,online,valid,f,66fcb9af-7886-443f-be1f-11e345c92253
2026-07-21 10:19:37.534-07,80.97,23.70,31.15,21.09,0.850,79.95,41.31,0.1100,2.91,Reduce AHU,1,legacy,info,,online,valid,f,a9ebe9b6-8da8-440c-8b78-eba5811c0609
2026-07-21 10:19:38.038-07,86.23,22.78,25.44,27.65,0.890,79.75,51.31,0.1100,3.65,Boost All,3,legacy,info,,online,valid,f,11d6906e-0d9c-47fa-837a-2c8e6c48a2ee
2026-07-21 10:19:38.544-07,39.07,19.05,21.74,21.89,0.580,43.43,46.68,0.0800,2.11,Maintain,2,legacy,info,,online,valid,f,68e16b67-8336-4e42-9797-0f8de60545c2
2026-07-21 10:19:39.051-07,100.00,26.22,29.93,21.08,1.020,99.69,44.90,0.1400,2.92,Maintain,2,legacy,info,,online,valid,f,c50ed108-a73a-4892-be63-1485fc5d6331
2026-07-21 10:19:39.556-07,61.46,20.45,23.25,27.16,0.750,62.07,51.56,0.0700,3.16,Increase Chiller,0,legacy,info,,online,valid,f,70a1b56c-b181-457c-b19f-889c04844c16
2026-07-21 10:19:40.063-07,48.17,18.95,24.92,28.87,0.710,50.32,60.91,0.0700,4.87,Boost All,3,legacy,info,,online,valid,f,04fcf1aa-c284-42e0-9b8e-00d91e5e7feb
2026-07-21 10:19:40.567-07,58.89,19.99,24.18,21.59,0.690,60.58,41.69,0.1000,2.41,Boost All,3,legacy,info,,online,valid,f,77fcf8df-a551-45d5-8fed-5e5a895ced78
2026-07-21 10:19:41.069-07,10.83,15.36,20.30,22.50,0.380,20.00,44.65,0.0500,1.50,Increase Chiller,0,legacy,info,,online,valid,t,27c3f923-3b75-46a6-a0e7-40b3c11d1819
2026-07-21 10:19:41.572-07,66.73,22.65,28.54,26.78,0.750,62.32,49.90,0.0700,2.78,Increase Chiller,0,legacy,info,,online,valid,f,3d551a4b-0844-4a45-b1f1-0fa4b444836d
2026-07-21 10:19:42.079-07,83.35,23.22,27.78,20.85,0.810,77.78,36.92,0.1000,3.15,Increase Chiller,0,legacy,info,,online,valid,f,ea07ad08-6e8c-4c85-8ff7-1f7cc2ab7a81
2026-07-21 10:19:42.585-07,23.76,16.67,20.30,21.63,0.380,20.00,43.50,0.0300,2.37,Boost All,3,legacy,info,,online,valid,f,5ba0742e-62e9-48e2-ad78-235eef169ce1
2026-07-21 10:19:43.091-07,82.65,22.87,29.78,25.51,0.870,76.36,51.64,0.0700,1.51,Maintain,2,legacy,info,,online,valid,f,cddcccd3-b6d9-49ba-b0fa-55ea1b04f155
2026-07-21 10:19:43.598-07,50.79,20.98,24.54,19.70,0.520,41.52,37.66,0.0700,4.30,Boost All,3,legacy,info,,online,valid,f,fd60b7b8-0e39-4053-b168-3ef37f631bcb
2026-07-21 10:19:44.104-07,100.00,24.89,29.27,23.48,1.020,100.00,43.74,0.1000,0.52,Maintain,2,legacy,info,,online,valid,f,c11c4b1f-88bb-44d6-8f2c-c2f2dcced20d
2026-07-21 10:19:44.612-07,81.65,21.99,22.57,23.54,0.890,78.82,51.53,0.0800,0.46,Reduce AHU,1,legacy,info,,online,valid,f,2d6c6895-f6e6-4900-b51b-5827ac2879b4
2026-07-21 10:19:45.118-07,92.26,24.30,29.72,25.40,0.970,91.52,46.81,0.1100,1.40,Increase Chiller,0,legacy,info,,online,valid,f,0dd2d5c9-b3de-4b9c-88c1-b4e365e1c10f
2026-07-21 10:19:45.626-07,45.32,16.50,20.42,25.68,0.640,50.13,48.74,0.0500,1.68,Increase Chiller,0,legacy,info,,online,valid,f,5d097f91-48be-4b34-97eb-63b7a5fe23de
2026-07-21 10:19:46.132-07,51.10,20.20,27.45,23.27,0.680,56.98,45.33,0.0700,0.73,Boost All,3,legacy,info,,online,valid,f,451708e8-9a64-4c70-908c-fd4b08849b6c
2026-07-21 10:19:46.639-07,95.46,24.52,32.00,21.57,1.020,98.02,47.63,0.0900,2.43,Reduce AHU,1,legacy,info,,online,valid,f,d16ce1d8-3ebb-44d9-ad09-14a5b85c8a07
2026-07-21 10:19:47.144-07,62.02,22.59,27.83,23.35,0.680,54.25,48.49,0.0600,0.65,Maintain,2,legacy,info,,online,valid,f,39247765-5519-4038-b2a2-6cd4eef92793
2026-07-21 10:19:47.667-07,80.83,22.86,26.25,25.91,0.930,86.27,47.63,0.1200,1.91,Increase Chiller,0,legacy,info,,online,valid,f,9e54caf9-4e4a-486f-bd56-a331c145003b
2026-07-21 10:19:48.175-07,87.85,24.16,28.43,28.74,1.000,88.78,58.95,0.1000,4.74,Increase Chiller,0,legacy,info,,online,valid,f,7724a06a-8ee4-43c0-ab30-127de9263943
2026-07-21 10:19:48.681-07,58.55,21.15,28.00,27.33,0.760,61.69,53.02,0.1000,3.33,Eco Mode,4,legacy,info,,online,valid,f,1a99d0eb-f4b3-4bf9-a3b9-578b501ea9b2
2026-07-21 10:19:49.188-07,82.53,24.41,27.12,21.83,0.780,72.99,39.05,0.0800,2.17,Maintain,2,legacy,info,,online,valid,f,f217329f-7cf3-47da-856b-c8a5304a8005
2026-07-21 10:19:49.694-07,86.81,22.84,27.52,18.70,0.880,88.36,34.32,0.1100,5.30,Maintain,2,legacy,info,,online,valid,f,beaf983a-d5b3-4c94-8b29-3a4fb284d4e9
2026-07-21 10:19:50.202-07,76.55,22.65,26.26,21.49,0.880,85.05,40.36,0.1300,2.51,Reduce AHU,1,legacy,info,,online,valid,f,198ca5c5-bed9-44bb-920a-6e79820fb6e7
2026-07-21 10:19:50.711-07,52.07,19.30,24.85,24.81,0.670,53.55,47.36,0.0900,0.81,Eco Mode,4,legacy,info,,online,valid,f,bbe938b6-3726-4047-b49d-1aa409bc20a8
2026-07-21 10:19:51.22-07,100.00,26.11,33.46,24.67,0.970,91.44,47.29,0.1400,0.67,Boost All,3,legacy,info,,online,valid,f,53889c4b-29dc-4e68-babe-6277910ade84
2026-07-21 10:19:51.725-07,39.79,19.26,22.57,27.90,0.550,33.30,56.95,0.0600,3.90,Eco Mode,4,legacy,info,,online,valid,f,3f25710c-ae67-4908-9a40-796f38df9009
2026-07-21 10:19:52.232-07,71.50,20.86,24.99,23.32,0.760,66.13,46.46,0.0900,0.68,Boost All,3,legacy,info,,online,valid,f,9e62b692-ee19-46cb-96f2-78f388d80691
2026-07-21 10:19:52.74-07,10.00,15.00,20.74,28.55,0.450,20.00,58.22,0.0600,4.55,Maintain,2,legacy,info,,online,valid,t,367c3b55-1fab-41d9-9927-93723518270f
2026-07-21 10:19:53.247-07,43.98,20.24,23.63,25.44,0.660,53.19,47.46,0.1000,1.44,Maintain,2,legacy,info,,online,valid,f,de4b4229-216c-4ad0-8843-4d7c1e77a436
2026-07-21 10:19:53.75-07,88.78,23.72,27.61,25.09,0.900,81.42,49.47,0.1100,1.09,Increase Chiller,0,legacy,info,,online,valid,f,2a55a966-a8ca-48a1-85fe-c22b7012dc25
2026-07-21 10:19:54.258-07,28.31,19.00,23.01,28.93,0.570,36.67,54.97,0.0800,4.93,Reduce AHU,1,legacy,info,,online,valid,f,6b5bd4f1-c72c-4c96-bd74-77e05ac41d9b
2026-07-21 10:19:54.764-07,44.59,18.44,23.49,26.23,0.570,40.32,48.59,0.0500,2.23,Increase Chiller,0,legacy,info,,online,valid,f,92482e14-e45b-4142-88ad-061c731ca25c
2026-07-21 10:19:55.267-07,87.81,24.63,25.65,23.41,0.890,79.72,51.30,0.0800,0.59,Boost All,3,legacy,info,,online,valid,f,b4821a04-9e4a-4ce9-b432-afe16e9fb1b3
2026-07-21 10:19:55.774-07,46.27,20.64,26.23,23.72,0.570,44.53,43.51,0.0700,0.28,Increase Chiller,0,legacy,info,,online,valid,f,5ea80d49-f274-4241-b523-96be06717841
2026-07-21 10:19:56.277-07,48.83,17.14,21.36,20.50,0.600,48.11,43.92,0.0700,3.50,Maintain,2,legacy,info,,online,valid,f,6e44879b-0d97-41f6-b781-3456cdec9421
2026-07-21 10:19:56.783-07,41.15,20.15,23.66,25.93,0.620,42.16,55.71,0.0900,1.93,Maintain,2,legacy,info,,online,valid,f,5b3448e0-cb93-4fe6-9c0d-5f4d969a7c41
2026-07-21 10:19:57.289-07,60.14,19.48,24.69,22.30,0.650,53.68,44.61,0.0700,1.70,Boost All,3,legacy,info,,online,valid,f,3b97e928-c024-4a6f-b4e3-2711c5402f4b
2026-07-21 10:19:57.796-07,35.92,17.39,21.62,23.47,0.600,43.55,50.80,0.0700,0.53,Increase Chiller,0,legacy,info,,online,valid,f,70065eb7-60aa-40d2-adf0-32cc38f63356
2026-07-21 10:19:58.299-07,77.86,20.36,25.25,23.10,0.760,68.39,43.37,0.0900,0.90,Eco Mode,4,legacy,info,,online,valid,f,6e5601c2-e888-4ff8-9b77-945aaa56d4df
2026-07-21 10:19:58.803-07,57.15,20.52,26.40,25.69,0.680,49.91,55.34,0.1000,1.69,Boost All,3,legacy,info,,online,valid,f,5151807f-a044-4d4c-a145-44dbc6eabdcf
2026-07-21 10:19:59.31-07,54.38,22.15,26.33,20.95,0.700,59.19,44.64,0.0900,3.05,Increase Chiller,0,legacy,info,,online,valid,f,1753ba4f-2bd0-4c38-97fa-31386df4a985
2026-07-21 10:19:59.819-07,68.82,20.74,27.01,22.86,0.750,67.78,42.45,0.0800,1.14,Eco Mode,4,legacy,info,,online,valid,f,c98cc8e1-90c7-447c-aa8a-adb98a29af95
2026-07-21 10:20:00.324-07,61.46,20.45,23.25,27.16,0.750,62.07,51.56,0.0700,3.16,Increase Chiller,0,legacy,info,,online,valid,f,7722d419-d7af-4ba1-8884-69170ee2b9ce
2026-07-21 10:20:00.829-07,36.00,19.22,27.01,26.76,0.630,42.30,57.47,0.0800,2.76,Reduce AHU,1,legacy,info,,online,valid,f,dad853b5-97f5-4c47-a573-76c3fae86218
2026-07-21 10:20:01.337-07,65.11,21.72,26.49,23.95,0.700,59.01,45.72,0.0600,0.05,Boost All,3,legacy,info,,online,valid,f,14aac36a-a877-496e-9d42-d31656ee9b03
2026-07-21 10:20:01.839-07,93.01,24.33,28.38,23.18,1.000,93.87,50.13,0.1300,0.82,Reduce AHU,1,legacy,info,,online,valid,f,7d2670a4-30eb-4526-b2f3-cfa4e20bb5de
2026-07-21 10:20:02.344-07,52.14,20.19,23.32,24.91,0.590,44.04,46.68,0.0800,0.91,Eco Mode,4,legacy,info,,online,valid,f,0fe5d767-0e05-4a8a-b5b9-3c55f561ee13
2026-07-21 10:20:02.85-07,62.86,20.75,23.54,26.12,0.690,56.04,48.52,0.0700,2.12,Eco Mode,4,legacy,info,,online,valid,f,4900354c-b08c-45e8-80d1-7b92bc9f1532
2026-07-21 10:20:03.361-07,91.38,23.11,28.20,23.24,0.880,82.24,43.55,0.1100,0.76,Boost All,3,legacy,info,,online,valid,f,626f283a-7785-4338-8fe3-84031e2e8aa2
2026-07-21 10:20:03.869-07,76.62,21.22,23.77,25.26,0.870,74.70,54.92,0.1200,1.26,Increase Chiller,0,legacy,info,,online,valid,f,d9cfd6b3-1edf-448e-ad44-9b21089c3428
2026-07-21 10:20:04.374-07,100.00,25.14,28.86,22.67,1.050,100.00,50.24,0.1400,1.33,Eco Mode,4,legacy,info,,online,valid,f,edba320e-cc16-4dfa-8b64-7fac78482b74
2026-07-21 10:20:04.885-07,67.75,22.68,25.18,21.30,0.730,62.16,46.31,0.0600,2.70,Increase Chiller,0,legacy,info,,online,valid,f,badc02c7-b9cc-4fc8-97af-906b1412bc2a
2026-07-21 10:20:05.391-07,74.37,22.50,28.62,22.64,0.880,79.67,49.24,0.1300,1.36,Reduce AHU,1,legacy,info,,online,valid,f,c74a793d-9ce6-4976-81cf-9de6bf891a24
2026-07-21 10:20:05.894-07,67.58,22.97,28.43,29.57,0.860,67.48,63.21,0.0800,5.57,Increase Chiller,0,legacy,info,,online,valid,f,c84cd1f8-cf27-49e5-bd31-472e9188fb9b
2026-07-21 10:20:06.399-07,67.60,21.88,26.18,23.04,0.730,62.66,46.20,0.0700,0.96,Reduce AHU,1,legacy,info,,online,valid,f,f7cc8dae-7c8d-43f5-8d20-e9d0f408b9fa
2026-07-21 10:20:06.905-07,53.27,19.08,22.31,22.88,0.620,47.19,49.18,0.0600,1.12,Reduce AHU,1,legacy,info,,online,valid,f,8324efa4-9e80-443c-94c4-58b20b76afc7
2026-07-21 10:20:07.409-07,72.30,22.18,24.82,26.44,0.880,78.15,51.67,0.0700,2.44,Eco Mode,4,legacy,info,,online,valid,f,ab90b3a5-0aa8-4584-b02a-6b617af45036
2026-07-21 10:20:07.915-07,49.81,19.99,22.46,22.80,0.570,45.92,41.32,0.0600,1.20,Eco Mode,4,legacy,info,,online,valid,f,d4c98113-1c36-4e92-8fa2-2eb203b22a2a
2026-07-21 10:20:08.422-07,64.74,19.90,22.16,18.00,0.670,62.94,34.15,0.1000,6.00,Maintain,2,legacy,info,,online,valid,f,d762d60f-ae62-4bc4-ac0b-b5776b74a38a
2026-07-21 10:20:08.926-07,65.01,22.15,26.38,25.72,0.690,56.69,46.52,0.0600,1.72,Eco Mode,4,legacy,info,,online,valid,f,1bf41b11-f8e1-4553-a30c-ec522e884ee1
2026-07-21 10:20:09.441-07,69.24,21.56,22.79,22.12,0.860,77.12,48.51,0.1000,1.88,Boost All,3,legacy,info,,online,valid,f,4cfc5808-8e92-4e35-828b-f0a63335a8a5
2026-07-21 10:20:09.947-07,53.19,18.61,27.89,18.00,0.550,46.91,34.77,0.0500,6.00,Boost All,3,legacy,info,,online,valid,f,b0f717fa-d385-48ff-8dc3-6f2c6d6d948e
2026-07-21 10:20:10.452-07,64.77,21.30,27.57,24.08,0.820,73.88,46.03,0.0900,0.08,Maintain,2,legacy,info,,online,valid,f,8f55d4f2-d30a-4c4d-bc52-10b85d248f96
2026-07-21 10:20:10.954-07,90.21,25.08,29.31,25.95,0.910,81.83,50.12,0.1100,1.95,Maintain,2,legacy,info,,online,valid,f,53155105-5c6f-4e1f-8a46-9a87a3651caf
2026-07-21 10:20:11.46-07,83.34,24.18,28.32,21.91,0.920,87.66,43.94,0.1400,2.09,Maintain,2,legacy,info,,online,valid,f,7cc8c924-ea8b-478e-9d4f-20d18481b017
2026-07-21 10:20:11.964-07,55.12,20.25,23.68,22.26,0.610,50.67,41.57,0.0700,1.74,Increase Chiller,0,legacy,info,,online,valid,f,70cf7a12-d0cd-455e-b03b-50bb19fe5bf5
2026-07-21 10:20:12.47-07,75.95,23.32,24.59,22.42,0.860,81.52,41.90,0.0800,1.58,Reduce AHU,1,legacy,info,,online,valid,f,d2767c2f-8233-4ba5-9f24-b51dbf334ff7
2026-07-21 10:20:12.975-07,72.34,21.73,27.20,25.13,0.780,65.01,52.35,0.0900,1.13,Reduce AHU,1,legacy,info,,online,valid,f,a34ea14d-a001-43e2-b8cc-533ae161a6ed
2026-07-21 10:20:13.479-07,41.41,19.22,24.32,19.20,0.610,49.30,42.49,0.0800,4.80,Boost All,3,legacy,info,,online,valid,f,0c4da0bd-af81-4a32-a076-ab9b572625b4
2026-07-21 10:20:13.984-07,79.04,21.50,24.08,19.73,0.880,84.93,40.48,0.1100,4.27,Maintain,2,legacy,info,,online,valid,f,1fdc24b7-6004-4f66-9425-1dfd5aaf5e46
2026-07-21 10:20:14.49-07,42.74,18.22,23.73,26.40,0.650,49.00,52.35,0.0700,2.40,Reduce AHU,1,legacy,info,,online,valid,f,fec99e17-35d1-4698-8157-a8da53f48e51
2026-07-21 10:20:14.994-07,57.36,22.02,23.51,19.10,0.740,66.74,42.02,0.0800,4.90,Increase Chiller,0,legacy,info,,online,valid,f,acd927e6-2de5-4130-ba0c-02b457f3d64b
2026-07-21 10:20:15.5-07,80.39,23.86,30.68,21.46,0.940,90.34,43.21,0.0900,2.54,Eco Mode,4,legacy,info,,online,valid,f,8aac6e4b-acc4-4561-b97c-6a3d3c242045
2026-07-21 10:20:16.004-07,41.36,18.93,24.90,20.21,0.620,50.11,44.28,0.0800,3.79,Eco Mode,4,legacy,info,,online,valid,f,7ad81a7d-9e38-45ef-8bbb-f008a18be1aa
2026-07-21 10:20:16.508-07,67.95,21.10,27.28,28.39,0.770,58.87,59.39,0.0800,4.39,Increase Chiller,0,legacy,info,,online,valid,f,6fa8f9a2-c1f4-4155-9b6d-eaddc761bece
2026-07-21 10:20:17.014-07,48.81,19.72,21.64,26.46,0.700,53.42,53.82,0.0800,2.46,Boost All,3,legacy,info,,online,valid,f,5432b26f-0635-4fcc-8206-35cff8f9d5bd
2026-07-21 10:20:17.517-07,45.06,19.69,24.46,26.14,0.600,43.04,51.60,0.0800,2.14,Reduce AHU,1,legacy,info,,online,valid,f,4304aa14-81a7-41d7-895c-820a1a79c7f7
2026-07-21 10:20:18.024-07,81.77,23.38,27.35,28.09,0.950,83.98,55.55,0.0900,4.09,Increase Chiller,0,legacy,info,,online,valid,f,b5f410ae-1a1c-49a0-b5e9-f0dfeb29bd92
2026-07-21 10:20:18.529-07,90.88,24.65,29.45,28.83,1.060,94.94,59.80,0.1000,4.83,Eco Mode,4,legacy,info,,online,valid,f,6e788b03-b811-425f-a08c-d5f80f85ef91
2026-07-21 10:20:19.035-07,65.75,20.79,24.15,25.62,0.710,56.32,52.67,0.0700,1.62,Maintain,2,legacy,info,,online,valid,f,35a73310-2282-4ed7-9c01-71d919d9c17e
2026-07-21 10:20:19.542-07,21.30,17.36,22.09,25.04,0.430,22.20,50.35,0.0600,1.04,Maintain,2,legacy,info,,online,valid,f,b649840b-0dda-4cad-878e-7e2d477ca291
2026-07-21 10:20:20.044-07,41.69,19.72,25.40,22.71,0.490,31.99,47.13,0.0500,1.29,Eco Mode,4,legacy,info,,online,valid,f,a4f37e6a-b8c1-4629-b178-4d46ceab686f
2026-07-21 10:20:20.552-07,84.11,24.57,28.35,22.40,0.900,85.02,43.04,0.1300,1.60,Eco Mode,4,legacy,info,,online,valid,f,9d9dd699-e015-4953-8bb5-2b74a577d8cb
2026-07-21 10:20:21.056-07,75.33,22.99,23.43,28.07,0.940,81.99,56.67,0.1200,4.07,Increase Chiller,0,legacy,info,,online,valid,f,4108aa1b-4e31-4331-bf0e-e2a9d11748e3
2026-07-21 10:20:21.561-07,75.02,22.12,28.77,28.36,0.830,70.73,52.61,0.1200,4.36,Eco Mode,4,legacy,info,,online,valid,f,038895be-c7d1-41b9-b855-3909ae239974
2026-07-21 10:20:22.068-07,80.46,23.61,27.85,28.83,0.940,82.42,56.59,0.1000,4.83,Increase Chiller,0,legacy,info,,online,valid,f,d8f18d12-6f8b-48cb-87b6-d2f1e855475f
2026-07-21 10:20:22.574-07,80.73,23.51,29.46,23.49,0.910,85.78,43.80,0.0900,0.51,Increase Chiller,0,legacy,info,,online,valid,f,16b1d031-00a4-4f8d-886f-0353b62b22c9
2026-07-21 10:20:23.082-07,62.56,19.69,23.12,20.19,0.790,71.27,43.29,0.0700,3.81,Reduce AHU,1,legacy,info,,online,valid,f,874fdd00-424b-4269-a713-7a7da4614cdb
2026-07-21 10:20:23.588-07,51.87,18.25,20.69,22.20,0.600,45.91,45.73,0.0700,1.80,Reduce AHU,1,legacy,info,,online,valid,f,d850d763-edf3-429d-b7d7-a0d00e81a374
2026-07-21 10:20:24.094-07,55.39,19.31,25.39,21.55,0.710,65.05,38.55,0.1000,2.45,Reduce AHU,1,legacy,info,,online,valid,f,ee1ae4cf-4af2-4b46-ada4-efd870778d3d
2026-07-21 10:20:24.602-07,77.13,21.87,27.78,27.40,0.870,76.03,52.05,0.1000,3.40,Boost All,3,legacy,info,,online,valid,f,bab77ba7-66ec-4dc1-8d4c-a1005fd5a3ae
2026-07-21 10:20:25.109-07,73.48,22.97,27.59,21.72,0.810,74.15,43.20,0.0700,2.28,Eco Mode,4,legacy,info,,online,valid,f,df07bf9f-0ec4-4880-a7c4-86dc0b02a540
2026-07-21 10:20:25.616-07,45.05,20.00,25.91,19.50,0.510,42.70,34.63,0.0400,4.50,Maintain,2,legacy,info,,online,valid,f,9d8e9c2f-10a2-4dcc-9bbb-f3468d912a0d
2026-07-21 10:20:26.123-07,100.00,25.64,28.24,21.74,1.020,100.00,44.68,0.1500,2.26,Eco Mode,4,legacy,info,,online,valid,t,08bca4a5-80e1-48ac-b0c0-ea956a73b504
2026-07-21 10:20:26.628-07,95.27,25.34,28.77,21.76,0.910,85.59,45.34,0.0800,2.24,Increase Chiller,0,legacy,info,,online,valid,f,8e213f98-f1b4-4ff0-9808-37a02b0c2130
2026-07-21 10:20:27.134-07,70.88,22.31,28.41,22.15,0.840,79.41,41.04,0.0900,1.85,Reduce AHU,1,legacy,info,,online,valid,f,ae1afa7e-fdfa-4fe0-8fd7-17771c8c4511
2026-07-21 10:20:27.639-07,55.12,20.25,23.68,22.26,0.610,50.67,41.57,0.0700,1.74,Increase Chiller,0,legacy,info,,online,valid,f,e2a73550-eaf6-4eb0-bc18-6e628a4eb95a
2026-07-21 10:20:28.144-07,10.00,16.84,22.69,26.69,0.420,20.00,52.34,0.0500,2.69,Boost All,3,legacy,info,,online,valid,f,77bd62c6-acfd-40a2-9568-49af29efcbbe
2026-07-21 10:20:28.65-07,58.03,19.03,24.83,24.37,0.660,54.65,43.77,0.0600,0.37,Boost All,3,legacy,info,,online,valid,f,296ad6f7-4df6-4565-bd28-d1a8babbe473
2026-07-21 10:20:29.156-07,62.18,22.68,27.99,18.00,0.730,65.50,40.53,0.1000,6.00,Boost All,3,legacy,info,,online,valid,f,d1d2d403-761d-4f6d-87c5-a9f544aa7000
2026-07-21 10:20:29.661-07,51.93,19.25,22.01,26.04,0.620,45.91,49.80,0.0900,2.04,Boost All,3,legacy,info,,online,valid,f,5ac8de1e-1772-44c9-944f-23e69c7b3bec
2026-07-21 10:20:30.168-07,58.71,20.10,28.67,22.39,0.630,53.17,41.54,0.0600,1.61,Boost All,3,legacy,info,,online,valid,f,37484743-4a2e-43c4-a832-b3519d2e7c92
2026-07-21 10:20:30.675-07,79.23,23.75,24.22,26.95,0.880,76.24,54.01,0.1000,2.95,Boost All,3,legacy,info,,online,valid,f,735fbbc2-42fd-494f-a813-8dbf814bf8f7
2026-07-21 10:20:31.182-07,75.18,22.17,29.24,22.98,0.850,79.26,42.80,0.0800,1.02,Reduce AHU,1,legacy,info,,online,valid,f,3262099b-c465-4a68-ac11-a7af5c21c28e
2026-07-21 10:20:31.686-07,36.61,19.15,27.04,19.35,0.490,35.66,40.22,0.0400,4.65,Reduce AHU,1,legacy,info,,online,valid,f,96a248d6-8acb-4c8e-9c7c-e168b16751f5
2026-07-21 10:20:32.189-07,50.65,20.62,25.55,21.63,0.660,52.36,47.81,0.0900,2.37,Maintain,2,legacy,info,,online,valid,f,c903f724-eac1-4250-992e-10cd815da23a
2026-07-21 10:20:32.692-07,68.03,23.35,26.98,22.89,0.820,72.76,46.70,0.0800,1.11,Maintain,2,legacy,info,,online,valid,f,68134e96-10c5-4bc6-b308-24e1f1dc6d73
2026-07-21 10:20:33.199-07,100.00,26.10,29.95,19.80,0.980,96.31,41.32,0.0800,4.20,Reduce AHU,1,legacy,info,,online,valid,f,f38baaf0-111a-4ac6-a107-14f97db7d970
2026-07-21 10:20:33.704-07,52.74,19.06,22.81,18.00,0.550,44.26,39.00,0.0500,6.00,Boost All,3,legacy,info,,online,valid,f,247c5250-134c-4bca-b7fc-5c9886cab910
2026-07-21 11:17:53.864-07,46.89,19.00,24.51,23.86,0.660,51.53,48.83,0.0900,0.14,Increase Chiller,0,legacy,info,,online,valid,f,5048e14c-030a-4e82-88c7-fd5574476045
2026-07-21 11:17:53.969-07,76.05,21.72,27.74,23.49,0.880,79.46,48.98,0.1000,0.51,Eco Mode,4,legacy,info,,online,valid,f,91bdb5a4-252e-4517-a677-4ba7ac849c55
2026-07-21 11:17:54.075-07,64.05,19.06,20.61,26.80,0.840,69.39,57.59,0.0900,2.80,Reduce AHU,1,legacy,info,,online,valid,f,abaa27aa-1d14-4028-ac68-f4cfb685bc01
2026-07-21 11:17:54.181-07,39.08,18.40,19.62,25.17,0.630,44.80,54.85,0.0900,1.17,Boost All,3,legacy,info,,online,valid,f,22b5ec11-e719-4840-bf4b-53a299db2a6a
2026-07-21 11:17:54.287-07,84.10,21.72,26.14,22.84,0.970,92.17,46.21,0.0900,1.16,Boost All,3,legacy,info,,online,valid,f,c2174478-6fe8-4f56-b59f-f77297ea516d
2026-07-21 11:17:54.392-07,37.46,19.47,24.34,21.69,0.550,38.62,48.37,0.0500,2.31,Eco Mode,4,legacy,info,,online,valid,f,76dc1f95-1b02-43a1-b3b4-64e8b5b327c0
2026-07-21 11:17:54.494-07,66.08,20.86,24.15,21.02,0.700,62.38,39.71,0.1000,2.98,Eco Mode,4,legacy,info,,online,valid,f,b1cadc28-5c96-465a-ac56-3eee4912767a
2026-07-21 11:17:54.6-07,34.11,20.47,25.96,18.40,0.410,25.52,41.22,0.0300,5.60,Reduce AHU,1,legacy,info,,online,valid,f,aec36ccc-4576-4efd-a591-afe0b0aaf295
2026-07-21 11:17:54.705-07,73.17,21.77,32.26,25.02,0.910,82.21,50.91,0.1100,1.02,Increase Chiller,0,legacy,info,,online,valid,f,deae83a6-404c-4af5-89a6-7ca41f040098
2026-07-21 11:17:54.811-07,66.00,22.03,28.94,25.28,0.800,69.20,50.16,0.1100,1.28,Maintain,2,legacy,info,,online,valid,f,cddd6982-a474-4d8a-8bc3-a25e789ee263
2026-07-21 11:17:54.917-07,43.42,20.23,26.71,20.82,0.620,52.77,40.28,0.0600,3.18,Maintain,2,legacy,info,,online,valid,f,bd6c8b08-36e1-4027-b2d3-c31c6f4ef304
2026-07-21 11:17:55.022-07,79.26,21.57,26.70,22.80,0.840,79.75,41.39,0.1200,1.20,Increase Chiller,0,legacy,info,,online,valid,f,45fd262f-be3d-4e19-9ba6-812bfa7e22a2
2026-07-21 11:17:55.128-07,61.35,20.55,28.39,24.99,0.790,67.98,48.47,0.1000,0.99,Eco Mode,4,legacy,info,,online,valid,f,cf98564f-3846-407f-aaf0-5dd1772ebfc1
2026-07-21 11:17:55.232-07,44.41,19.94,21.96,25.85,0.580,37.74,56.09,0.0700,1.85,Reduce AHU,1,legacy,info,,online,valid,f,ed3d0e9f-7ac0-49d4-bf3a-e59d116ec62d
2026-07-21 11:17:55.339-07,100.00,23.97,28.89,26.22,1.080,100.00,55.48,0.1000,2.22,Increase Chiller,0,legacy,info,,online,valid,f,4d27a97e-5fea-41c4-af34-3966aa990345
2026-07-21 11:17:55.445-07,86.02,24.77,28.44,23.10,0.900,85.30,43.91,0.1200,0.90,Increase Chiller,0,legacy,info,,online,valid,f,d9e89670-c882-4067-89ab-e92d47c6cc7a
2026-07-21 11:17:55.549-07,82.27,26.11,29.18,18.57,0.780,77.33,32.66,0.0800,5.43,Eco Mode,4,legacy,info,,online,valid,f,613765a7-ff47-4f9d-ae93-a6d869a416c4
2026-07-21 11:17:55.653-07,65.17,22.26,26.43,20.61,0.730,64.56,43.44,0.0800,3.39,Boost All,3,legacy,info,,online,valid,f,17397614-084e-45c8-ae23-3a99fae3ff5c
2026-07-21 11:17:55.761-07,86.02,24.77,28.44,23.10,0.900,85.30,43.91,0.1200,0.90,Increase Chiller,0,legacy,info,,online,valid,f,58fd0a0e-e4db-4096-b2c5-005cac87c6af
2026-07-21 11:17:55.868-07,100.00,25.35,31.18,26.60,1.080,100.00,55.45,0.1400,2.60,Boost All,3,legacy,info,,online,valid,f,3a59b80d-f752-489e-8caa-63f80d7bea47
2026-07-21 11:17:55.976-07,79.83,22.17,26.64,18.46,0.780,76.23,34.58,0.0800,5.54,Reduce AHU,1,legacy,info,,online,valid,f,2d92737b-634e-42a9-a819-9a08ec32f886
2026-07-21 11:17:56.08-07,38.04,18.24,25.65,22.39,0.630,47.83,48.58,0.0800,1.61,Reduce AHU,1,legacy,info,,online,valid,f,a4513c9a-5d9a-47e7-ae22-22058131e1ed
2026-07-21 11:17:56.187-07,48.79,18.78,24.15,27.84,0.600,39.59,57.19,0.0800,3.84,Maintain,2,legacy,info,,online,valid,f,f11ddf85-58f0-4d42-bf1e-005746806ed7
2026-07-21 11:17:56.295-07,62.75,22.23,28.83,24.15,0.800,69.10,50.15,0.1000,0.15,Increase Chiller,0,legacy,info,,online,valid,f,bed21dcd-36f8-4eb3-807f-5f8f52916412
2026-07-21 11:17:56.403-07,100.00,25.23,33.07,21.41,0.940,92.23,40.45,0.0800,2.59,Increase Chiller,0,legacy,info,,online,valid,f,2d96989a-4a62-41ea-b2e4-7c6967b46e80
2026-07-21 11:17:56.509-07,100.00,25.64,28.24,21.74,1.020,100.00,44.68,0.1500,2.26,Eco Mode,4,legacy,info,,online,valid,t,4580549f-0b99-4129-a5e1-d81642700195
2026-07-21 11:17:56.611-07,75.94,23.60,29.89,28.06,0.870,72.80,58.52,0.1100,4.06,Eco Mode,4,legacy,info,,online,valid,f,12f29900-a17a-4a01-9c8b-da8222db7b61
2026-07-21 11:17:56.718-07,64.64,20.84,26.63,20.14,0.680,56.75,44.23,0.0600,3.86,Maintain,2,legacy,info,,online,valid,f,43cc094c-7e09-40a9-8b2a-b551e39fefd5
2026-07-21 11:17:56.826-07,66.18,21.98,29.86,21.23,0.780,70.30,44.42,0.0800,2.77,Reduce AHU,1,legacy,info,,online,valid,f,83d34dcd-c139-4699-8db5-de75809cede8
2026-07-21 11:17:56.932-07,25.88,18.17,19.66,22.42,0.470,28.92,46.91,0.0500,1.58,Increase Chiller,0,legacy,info,,online,valid,f,fc5fa2c6-ab40-41eb-a80c-af356cb7dd9c
2026-07-21 11:17:57.04-07,55.78,20.73,26.76,26.05,0.730,56.83,55.23,0.0700,2.05,Maintain,2,legacy,info,,online,valid,f,61ca3000-006c-47d5-920f-a2c8cc53c8cf
2026-07-21 11:17:57.146-07,68.39,20.55,28.70,24.23,0.820,68.89,52.79,0.0800,0.23,Reduce AHU,1,legacy,info,,online,valid,f,038cbf80-a45c-42ad-898c-f7469bdf8503
2026-07-21 11:17:57.253-07,44.81,18.74,23.93,23.26,0.660,54.51,44.25,0.0600,0.74,Eco Mode,4,legacy,info,,online,valid,f,c92d60ca-87d7-4333-ae54-98e6198a4902
2026-07-21 11:17:57.359-07,47.31,18.90,24.72,28.14,0.570,39.45,51.77,0.0600,4.14,Reduce AHU,1,legacy,info,,online,valid,f,599a5b7e-fb5a-48a3-9974-3b95d33a8d95
2026-07-21 11:17:57.464-07,65.36,21.29,27.32,26.00,0.700,56.26,49.33,0.0800,2.00,Boost All,3,legacy,info,,online,valid,f,eff2d167-b0e7-4685-a085-a6087c278618
2026-07-21 11:17:57.571-07,42.16,19.46,24.37,21.07,0.530,43.33,37.29,0.0600,2.93,Maintain,2,legacy,info,,online,valid,f,8ee5eb4f-5625-48e6-afaf-4d60c7f26235
2026-07-21 11:17:57.69-07,80.73,23.51,29.46,23.49,0.910,85.78,43.80,0.0900,0.51,Increase Chiller,0,legacy,info,,online,valid,f,9f6cbc2e-78a5-48cd-8f1c-9e81dbd38d82
2026-07-21 11:17:57.798-07,53.00,20.29,27.70,24.62,0.650,47.75,53.94,0.1000,0.62,Reduce AHU,1,legacy,info,,online,valid,f,812d8e2a-f311-4d9e-a976-25ec1c0050b9
2026-07-21 11:17:57.903-07,69.67,21.31,24.90,26.21,0.790,66.40,51.41,0.0800,2.21,Eco Mode,4,legacy,info,,online,valid,f,c5547f85-0add-49a6-afc9-db0815aa6a16
2026-07-21 11:17:58.01-07,80.25,22.42,29.34,25.44,0.800,70.38,48.19,0.0700,1.44,Boost All,3,legacy,info,,online,valid,f,8f34ffa0-4f1c-4df0-bdcc-287a615ba63f
2026-07-21 11:17:58.117-07,51.39,21.28,26.96,26.51,0.650,46.26,55.27,0.0800,2.51,Increase Chiller,0,legacy,info,,online,valid,f,9e0010f6-8d30-4c81-b61b-2306c0a961f1
2026-07-21 11:17:58.224-07,62.79,20.77,21.79,23.96,0.690,53.33,52.61,0.0600,0.04,Maintain,2,legacy,info,,online,valid,f,2bff5d67-5cd9-4d05-b21d-e9a7ec7ed247
2026-07-21 11:17:58.328-07,85.46,24.62,31.17,22.81,0.830,77.00,41.89,0.0700,1.19,Increase Chiller,0,legacy,info,,online,valid,f,dcf168b0-ff67-4440-9987-d227f03184f4
2026-07-21 11:17:58.435-07,50.03,19.63,23.74,26.68,0.730,57.30,54.04,0.0700,2.68,Maintain,2,legacy,info,,online,valid,f,60dcc856-271b-4c4e-82f4-f672e9bc1a9a
2026-07-21 11:17:58.54-07,81.46,22.15,25.60,22.18,0.790,74.09,39.63,0.1100,1.82,Maintain,2,legacy,info,,online,valid,f,839a8b28-595b-4933-8d07-4404361de89e
2026-07-21 11:17:58.647-07,64.82,19.51,26.64,21.49,0.680,61.21,37.98,0.1000,2.51,Eco Mode,4,legacy,info,,online,valid,f,b81bd034-d8d3-4ba1-9d68-77341b44065a
2026-07-21 11:17:58.753-07,56.01,23.08,28.24,22.65,0.670,57.99,40.44,0.0600,1.35,Boost All,3,legacy,info,,online,valid,f,ac3c938c-a1b0-4dc7-8941-2c856920d3e2
2026-07-21 11:17:58.857-07,54.18,19.39,24.58,20.36,0.630,52.39,42.77,0.0900,3.64,Eco Mode,4,legacy,info,,online,valid,f,689da14d-9247-4edf-84c7-dfa30e0a86c5
2026-07-21 11:17:58.964-07,75.13,22.90,31.56,27.88,0.930,81.31,56.18,0.1100,3.88,Boost All,3,legacy,info,,online,valid,f,dd40696a-0974-48d9-8f35-fc9aca2688ad
2026-07-21 11:17:59.071-07,100.00,25.58,31.90,25.30,1.060,100.00,51.26,0.1500,1.30,Eco Mode,4,legacy,info,,online,valid,t,d2279f41-892d-427d-b2a3-ea9a09dbc04b
2026-07-21 11:17:59.179-07,73.47,22.70,27.03,18.00,0.730,67.90,37.10,0.0800,6.00,Eco Mode,4,legacy,info,,online,valid,f,008133d4-5953-46fd-94b0-b0b1737475c5
2026-07-21 11:17:59.286-07,76.17,23.46,31.05,23.03,0.900,83.53,46.37,0.1300,0.97,Eco Mode,4,legacy,info,,online,valid,f,4e409529-2a35-4aa4-9e63-23053d4738db
2026-07-21 11:17:59.392-07,65.37,21.06,27.18,21.54,0.650,56.51,38.86,0.0900,2.46,Boost All,3,legacy,info,,online,valid,f,ac05d1fa-8cad-4489-9384-d405ce0e7b5a
2026-07-21 11:17:59.496-07,93.44,23.64,25.68,21.27,0.930,86.29,47.01,0.1000,2.73,Increase Chiller,0,legacy,info,,online,valid,f,05f4a952-45f7-4ac7-888a-018f215c9cab
2026-07-21 11:17:59.602-07,85.32,26.07,30.35,23.00,0.940,86.93,49.14,0.1100,1.00,Eco Mode,4,legacy,info,,online,valid,f,be8359c0-d912-46ed-9ff5-d68987d65634
2026-07-21 11:17:59.708-07,57.31,19.72,22.48,20.62,0.570,49.04,36.34,0.0700,3.38,Maintain,2,legacy,info,,online,valid,f,0b56e393-64c7-4092-be56-9e4c4b79107c
2026-07-21 11:17:59.811-07,72.38,24.09,27.18,22.78,0.770,66.48,47.97,0.0900,1.22,Increase Chiller,0,legacy,info,,online,valid,f,8355ba68-0178-4794-a818-a041be8e3893
2026-07-21 11:17:59.918-07,54.82,21.51,25.42,18.79,0.650,59.52,35.11,0.0600,5.21,Maintain,2,legacy,info,,online,valid,f,368cc18b-83c5-4da1-8498-c0ecf8799dc9
2026-07-21 11:18:00.025-07,67.44,23.83,31.38,30.51,0.760,58.16,59.84,0.0900,6.51,Eco Mode,4,legacy,info,,online,valid,f,39e6f3df-e2b1-4e89-9a88-a8c5cb9032fd
2026-07-21 11:18:00.132-07,92.26,24.30,29.72,25.40,0.970,91.52,46.81,0.1100,1.40,Increase Chiller,0,legacy,info,,online,valid,f,09b250da-009e-4df8-ad81-b1903601bacd
2026-07-21 11:18:00.237-07,100.00,24.30,26.39,23.05,1.030,100.00,46.85,0.1500,0.95,Increase Chiller,0,legacy,info,,online,valid,t,1aa8db99-7b56-4db4-bfde-8d6b8798072c
2026-07-21 11:18:00.345-07,31.33,17.87,23.66,23.63,0.450,28.44,45.06,0.0600,0.37,Maintain,2,legacy,info,,online,valid,f,4c2c19e3-2bec-48f4-84d7-6243411c9826
2026-07-21 11:18:00.452-07,51.15,18.62,25.08,24.71,0.670,49.23,54.25,0.0600,0.71,Reduce AHU,1,legacy,info,,online,valid,f,ad0af059-ed0b-4cf3-a782-d13cfad90316
2026-07-21 11:18:00.558-07,76.61,23.65,28.99,25.43,0.920,82.65,52.38,0.1100,1.43,Boost All,3,legacy,info,,online,valid,f,8e459fa8-9a37-434a-9142-85334aa2dc77
2026-07-21 11:18:00.665-07,96.35,24.11,27.89,21.85,1.040,100.00,48.31,0.1300,2.15,Reduce AHU,1,legacy,info,,online,valid,f,d68a421e-52a6-4285-9be8-9516f61ae1bd
2026-07-21 11:18:00.771-07,66.91,23.50,28.31,23.59,0.790,67.17,51.31,0.0800,0.41,Reduce AHU,1,legacy,info,,online,valid,f,44071320-3042-4963-97bc-d5c4d7807f56
2026-07-21 11:18:00.878-07,71.99,22.13,28.17,21.14,0.830,74.01,47.21,0.1200,2.86,Maintain,2,legacy,info,,online,valid,f,beec1979-ec55-41ac-afbe-bfc72ee1380f
2026-07-21 11:18:00.984-07,44.93,18.01,24.30,23.97,0.670,53.23,48.92,0.0900,0.03,Increase Chiller,0,legacy,info,,online,valid,f,b585dd21-7700-4dbf-a18f-2af9d487fa37
2026-07-21 11:18:01.092-07,79.68,23.90,27.64,19.41,0.870,84.39,38.74,0.1000,4.59,Maintain,2,legacy,info,,online,valid,f,3c747da4-ef0f-498a-ba01-3fad642c5cc1
2026-07-21 11:18:01.198-07,79.74,23.60,24.61,24.22,0.940,86.40,50.43,0.1300,0.22,Reduce AHU,1,legacy,info,,online,valid,f,415ea0bd-26cf-47b7-b971-d95e3397f0dd
2026-07-21 11:18:01.303-07,59.39,21.81,22.71,26.36,0.680,54.47,49.47,0.1000,2.36,Eco Mode,4,legacy,info,,online,valid,f,e7abc88a-38b8-4721-82ea-3015c64443c6
2026-07-21 11:18:01.41-07,64.46,22.30,28.28,24.46,0.750,66.37,44.78,0.1000,0.46,Boost All,3,legacy,info,,online,valid,f,c0ff4e82-e6e8-449c-b061-5b367ba9d902
2026-07-21 11:18:01.515-07,42.79,18.76,22.37,20.77,0.580,45.52,43.24,0.0500,3.23,Increase Chiller,0,legacy,info,,online,valid,f,bc709a80-f135-4a11-a1cb-89558b5f59b1
2026-07-21 11:18:01.622-07,80.98,23.01,29.85,27.94,0.880,73.77,58.04,0.1000,3.94,Increase Chiller,0,legacy,info,,online,valid,f,da0d567c-1d01-4171-afca-e61b3608166a
2026-07-21 11:18:01.729-07,76.88,22.90,30.79,23.60,0.900,80.88,51.38,0.1000,0.40,Increase Chiller,0,legacy,info,,online,valid,f,c9a2912a-b553-43ba-b7b6-749027903d4c
2026-07-21 11:18:01.836-07,75.05,22.63,27.47,21.65,0.800,70.89,46.52,0.0700,2.35,Eco Mode,4,legacy,info,,online,valid,f,21c6ad1b-db0d-418e-95d0-ddb969929473
2026-07-21 11:18:01.944-07,65.52,21.57,24.73,24.07,0.780,65.31,50.82,0.0900,0.07,Increase Chiller,0,legacy,info,,online,valid,f,cccd084c-8ef7-475b-9656-ae69a45f4fd7
2026-07-21 11:18:02.051-07,58.44,19.83,25.75,33.42,0.830,59.89,70.38,0.1100,9.42,Increase Chiller,0,legacy,info,,online,valid,t,1f3b8e5a-ce1d-4ece-bd74-88d09b3b78bf
2026-07-21 11:18:02.154-07,45.15,19.70,21.58,22.60,0.630,51.95,42.77,0.0900,1.40,Reduce AHU,1,legacy,info,,online,valid,f,6f2b43f8-530e-498a-b919-19d5e41c62b1
2026-07-21 11:18:02.262-07,68.21,22.07,25.36,20.38,0.680,58.36,42.06,0.0700,3.62,Increase Chiller,0,legacy,info,,online,valid,f,f07f65f8-05dd-4a71-b8cf-e6fd04087126
2026-07-21 11:18:02.369-07,76.95,22.80,28.69,24.77,0.910,82.57,49.49,0.0800,0.77,Maintain,2,legacy,info,,online,valid,f,64a8a334-8a45-4517-8f08-ca7989048091
2026-07-21 11:18:02.475-07,72.23,21.58,24.79,23.77,0.750,62.36,50.21,0.0700,0.23,Boost All,3,legacy,info,,online,valid,f,0256c4db-e20d-4186-962e-87917c33d325
2026-07-21 11:18:02.582-07,88.78,23.72,27.61,25.09,0.900,81.42,49.47,0.1100,1.09,Increase Chiller,0,legacy,info,,online,valid,f,7bef537b-22ad-430e-85a0-f10adcd21898
2026-07-21 11:18:02.687-07,52.26,21.66,22.93,23.93,0.600,43.08,50.68,0.0600,0.07,Boost All,3,legacy,info,,online,valid,f,91f13317-fe14-45dd-b48c-23243b747ffe
2026-07-21 11:18:02.79-07,82.48,23.26,34.93,22.95,0.960,88.15,50.70,0.1200,1.05,Boost All,3,legacy,info,,online,valid,t,93bba3c0-9c2a-4280-95ee-fdc769266da5
2026-07-21 11:18:02.897-07,83.34,23.97,29.10,25.32,0.930,83.03,54.02,0.1000,1.32,Boost All,3,legacy,info,,online,valid,f,f72c9aff-4890-4e2c-b061-49cf2899534f
2026-07-21 11:18:03.003-07,84.98,24.95,32.43,23.54,0.970,94.23,42.90,0.1000,0.46,Maintain,2,legacy,info,,online,valid,f,a356ee87-5da4-4d75-aacd-95f7aa24a906
2026-07-21 11:18:03.109-07,61.84,21.59,26.97,27.50,0.840,71.82,53.12,0.1100,3.50,Maintain,2,legacy,info,,online,valid,f,512c557e-02f7-44dd-bab0-17c84b4367ce
2026-07-21 11:18:03.216-07,50.71,18.45,23.02,24.15,0.710,56.73,50.50,0.0900,0.15,Reduce AHU,1,legacy,info,,online,valid,f,d193cf0a-0d3c-40b9-ad76-f96e2e244eab
2026-07-21 11:18:03.32-07,85.02,23.38,27.07,21.00,0.980,94.08,46.18,0.0900,3.00,Maintain,2,legacy,info,,online,valid,f,ca6101e8-865d-47aa-99bf-3eb4ebd2094b
2026-07-21 11:18:03.427-07,94.81,22.88,26.72,23.75,1.040,100.00,48.05,0.0900,0.25,Increase Chiller,0,legacy,info,,online,valid,f,0c111428-58e2-4fea-b2d8-21a9dc8313e0
2026-07-21 11:18:03.533-07,51.03,21.04,26.13,24.28,0.720,59.11,49.55,0.0900,0.28,Increase Chiller,0,legacy,info,,online,valid,f,d0ae1835-9f38-4528-b07c-9aaee69cd93f
2026-07-21 11:18:03.639-07,56.71,20.24,25.70,21.97,0.670,57.38,43.00,0.0700,2.03,Eco Mode,4,legacy,info,,online,valid,f,4273e0c2-23cc-44c2-8ed6-ebb9b0af9ae8
2026-07-21 11:18:03.745-07,45.04,20.70,26.67,22.40,0.580,43.97,45.50,0.0700,1.60,Eco Mode,4,legacy,info,,online,valid,f,08abaa79-ab91-46f2-bb6d-c95e11b686e6
2026-07-21 11:18:03.853-07,51.32,19.04,23.09,22.44,0.660,57.41,40.93,0.0800,1.56,Reduce AHU,1,legacy,info,,online,valid,f,d714f23c-5975-4ada-af79-03a49eeb4d0e
2026-07-21 11:18:03.96-07,72.63,21.50,26.85,21.84,0.740,63.73,46.93,0.1100,2.16,Increase Chiller,0,legacy,info,,online,valid,f,0de0312e-b7f3-4c59-88d8-4adce6950253
2026-07-21 11:18:04.066-07,100.00,26.23,29.86,19.74,0.910,91.05,36.15,0.1300,4.26,Eco Mode,4,legacy,info,,online,valid,f,4387841f-3af5-489e-9f46-b375cc455802
2026-07-21 11:18:04.173-07,44.80,18.88,23.96,24.75,0.660,50.54,52.13,0.0900,0.75,Increase Chiller,0,legacy,info,,online,valid,f,c43b5579-3bd3-4464-8186-2bb682f5889c
2026-07-21 11:18:04.281-07,63.10,21.34,27.41,20.16,0.720,66.61,36.66,0.1000,3.84,Boost All,3,legacy,info,,online,valid,f,c50187ac-7f06-4d19-ba50-553ceba1abf9
2026-07-21 11:18:04.388-07,93.76,24.33,31.60,23.78,1.060,99.32,52.49,0.1300,0.22,Reduce AHU,1,legacy,info,,online,valid,f,47a09cc2-1357-469d-8315-b10ffa4104f4
2026-07-21 11:18:04.494-07,76.96,24.40,28.19,28.83,0.840,70.17,55.87,0.0800,4.83,Boost All,3,legacy,info,,online,valid,f,aa3877cf-c88e-4b9d-8b11-6ca241c9b577
2026-07-21 11:18:04.597-07,64.20,20.62,24.58,21.99,0.750,64.25,47.36,0.0700,2.01,Boost All,3,legacy,info,,online,valid,f,cbcb66bb-19fc-47c5-bcae-d360424fcfbd
2026-07-21 11:18:04.702-07,54.94,20.94,25.45,22.13,0.720,61.40,45.26,0.0800,1.87,Boost All,3,legacy,info,,online,valid,f,9eeddaa6-21ff-4473-87ca-fb0b453992e3
2026-07-21 11:18:04.808-07,87.01,23.22,29.05,21.97,0.980,94.17,44.81,0.1200,2.03,Reduce AHU,1,legacy,info,,online,valid,f,b8f28655-7399-40a2-a2cf-af2735e93e51
2026-07-21 11:18:04.912-07,47.05,19.20,25.39,23.52,0.570,43.71,43.99,0.0700,0.48,Boost All,3,legacy,info,,online,valid,f,43d20a82-728c-461e-ac71-2a4d7117aecc
2026-07-21 11:18:05.018-07,74.83,22.96,29.92,21.41,0.820,73.71,45.77,0.1000,2.59,Eco Mode,4,legacy,info,,online,valid,f,072447dc-098f-490c-8079-943e149c8df8
2026-07-21 11:18:05.121-07,47.76,19.78,24.51,23.35,0.590,45.64,45.15,0.0700,0.65,Boost All,3,legacy,info,,online,valid,f,cbcbbe6e-4607-41a9-a589-4d34f5d4bdcf
2026-07-21 11:18:05.226-07,43.84,20.86,28.04,26.12,0.530,36.69,48.14,0.0500,2.12,Reduce AHU,1,legacy,info,,online,valid,f,3383095b-3a04-4ddf-8312-8dc4f1b6968d
2026-07-21 11:18:05.331-07,29.98,16.74,21.97,24.57,0.540,36.53,48.73,0.0800,0.57,Boost All,3,legacy,info,,online,valid,f,d6a6465d-b323-4a44-9a3c-81a1f5f71490
2026-07-21 11:18:05.436-07,54.85,19.42,23.13,21.98,0.660,54.35,45.93,0.0700,2.02,Increase Chiller,0,legacy,info,,online,valid,f,bf99fac3-7cdd-4b6f-ba56-a98735f1724c
2026-07-21 11:18:05.542-07,31.93,17.92,24.38,24.74,0.450,22.76,54.25,0.0600,0.74,Reduce AHU,1,legacy,info,,online,valid,f,339a2ac4-42aa-45f8-90e5-12b2073e4e0e
2026-07-21 11:18:05.65-07,81.52,23.12,28.02,20.21,0.800,73.41,43.09,0.0900,3.79,Maintain,2,legacy,info,,online,valid,f,1e07e1c9-9c5d-4472-83c3-a540c7fcfda5
2026-07-21 11:18:05.756-07,74.14,21.50,25.34,21.85,0.750,65.04,46.53,0.1100,2.15,Eco Mode,4,legacy,info,,online,valid,f,bb776f40-e013-4383-8589-ab5a4a4740bf
2026-07-21 11:18:05.862-07,54.72,18.95,23.54,23.17,0.690,58.83,44.49,0.1000,0.83,Eco Mode,4,legacy,info,,online,valid,f,36168c75-e76a-43bc-8d0f-a09b331ec1b1
2026-07-21 11:18:05.967-07,100.00,24.07,27.92,24.18,0.990,90.62,52.41,0.1400,0.18,Reduce AHU,1,legacy,info,,online,valid,f,13c94aba-edb1-4e20-9f1c-f93bce8b0576
2026-07-21 11:18:06.075-07,44.71,18.53,23.06,31.15,0.690,50.01,57.91,0.0800,7.15,Boost All,3,legacy,info,,online,valid,t,61ce18b5-8ee7-4e14-9fc0-6802a374873b
2026-07-21 11:18:06.181-07,100.00,25.22,32.22,28.55,1.060,100.00,52.96,0.1500,4.55,Boost All,3,legacy,info,,online,valid,t,df7dd9d0-a7dd-43cd-b92b-a7e4f8eb1f9c
2026-07-21 11:18:06.288-07,57.31,19.72,22.48,20.62,0.570,49.04,36.34,0.0700,3.38,Maintain,2,legacy,info,,online,valid,f,2a203082-bb28-4446-8f56-2ca0ae02d6b5
2026-07-21 11:18:06.395-07,62.05,20.33,25.60,25.98,0.690,52.21,54.53,0.0700,1.98,Reduce AHU,1,legacy,info,,online,valid,f,326a82c6-53dc-4ec6-a54b-b6f633280ef1
2026-07-21 11:18:06.502-07,91.51,26.65,30.07,22.24,0.950,92.58,42.23,0.1100,1.76,Increase Chiller,0,legacy,info,,online,valid,f,3b6ec2f5-d0fd-42df-a4d6-ae930846b534
2026-07-21 11:18:06.608-07,70.57,23.19,28.80,24.03,0.760,62.60,51.56,0.1100,0.03,Boost All,3,legacy,info,,online,valid,f,21ba6133-e9da-43f4-ae67-2a4bc0c3642b
2026-07-21 11:18:06.71-07,38.86,19.34,24.67,22.46,0.640,48.66,49.77,0.0700,1.54,Eco Mode,4,legacy,info,,online,valid,f,b0753435-529f-428c-be9e-18323b13be46
2026-07-21 11:18:06.817-07,86.43,23.25,28.81,22.72,0.880,82.18,44.11,0.1200,1.28,Eco Mode,4,legacy,info,,online,valid,f,7a45e7ca-0c0c-40e5-9aa1-f0491d0eff07
2026-07-21 11:18:06.924-07,37.40,20.75,24.99,24.75,0.600,46.24,45.49,0.0500,0.75,Increase Chiller,0,legacy,info,,online,valid,f,c3d33f55-2061-472f-9047-3b91686838f3
2026-07-21 11:18:07.03-07,53.38,19.55,24.52,21.72,0.620,51.53,41.10,0.0700,2.28,Increase Chiller,0,legacy,info,,online,valid,f,99304b88-0ebd-476c-a9a1-f2b98ac91fbc
2026-07-21 11:18:07.138-07,87.65,23.66,28.62,28.27,0.920,79.37,57.14,0.1000,4.27,Boost All,3,legacy,info,,online,valid,f,064f4d32-380b-457f-85b3-8bf5eaf82312
2026-07-21 11:18:07.243-07,62.05,20.33,25.60,25.98,0.690,52.21,54.53,0.0700,1.98,Reduce AHU,1,legacy,info,,online,valid,f,f5ab8fe8-38d5-4419-9bf6-f00c30d423f2
2026-07-21 11:18:07.348-07,58.17,21.92,25.71,24.43,0.700,54.11,53.63,0.0700,0.43,Boost All,3,legacy,info,,online,valid,f,316f8faf-1022-43bb-bf9b-f3fbc73d662f
2026-07-21 11:18:07.456-07,74.14,23.20,29.41,27.74,0.910,79.77,53.80,0.0800,3.74,Boost All,3,legacy,info,,online,valid,f,495c0635-94dd-4b0c-a93d-c1f13314a87f
2026-07-21 11:18:07.561-07,47.90,19.24,22.61,26.31,0.560,39.75,48.99,0.0600,2.31,Eco Mode,4,legacy,info,,online,valid,f,a43f82e1-ca78-4752-8e93-0a98adb44e42
2026-07-21 11:18:07.668-07,36.50,16.81,19.32,26.87,0.480,27.40,51.96,0.0500,2.87,Increase Chiller,0,legacy,info,,online,valid,f,af89f4e9-21b9-490e-b71f-82101b11f220
2026-07-21 11:18:07.774-07,74.68,21.81,24.98,18.00,0.750,73.75,31.42,0.0800,6.00,Reduce AHU,1,legacy,info,,online,valid,f,39a1e843-bd33-4ff8-9e1f-06a576ee2ce3
2026-07-21 11:18:07.881-07,76.27,22.45,25.25,22.33,0.810,75.53,41.62,0.1100,1.67,Eco Mode,4,legacy,info,,online,valid,f,93783152-13d8-4dea-9b87-35710d406eaa
2026-07-21 11:18:07.987-07,100.00,24.47,29.34,23.36,1.050,100.00,50.46,0.1300,0.64,Increase Chiller,0,legacy,info,,online,valid,f,72e036c1-194e-436b-88c9-ea9319fc2245
2026-07-21 11:18:08.093-07,54.81,20.57,23.25,19.40,0.580,46.93,41.15,0.0800,4.60,Reduce AHU,1,legacy,info,,online,valid,f,fbbb8390-7c10-40ca-93d8-d2671adb1750
2026-07-21 11:18:08.197-07,63.88,22.41,28.64,27.45,0.780,63.46,54.13,0.1000,3.45,Maintain,2,legacy,info,,online,valid,f,cfff79b6-98b2-45a5-92f0-53ac16e4e142
2026-07-21 11:18:08.303-07,100.00,25.43,29.40,19.94,1.010,100.00,42.78,0.1500,4.06,Eco Mode,4,legacy,info,,online,valid,t,e9e6f054-28bc-4327-9f9b-3a2e36bef457
2026-07-21 11:18:08.408-07,92.37,24.69,27.74,25.19,0.930,86.15,47.26,0.1300,1.19,Maintain,2,legacy,info,,online,valid,f,c6e06768-2147-4656-a01f-cc9688db1730
2026-07-21 11:18:08.511-07,55.85,20.63,24.24,26.26,0.730,60.51,49.59,0.0600,2.26,Eco Mode,4,legacy,info,,online,valid,f,e5b5e01a-8f56-4e6e-967c-7c5afbcc8e34
2026-07-21 11:18:08.616-07,68.15,20.54,28.93,22.94,0.700,60.37,43.08,0.0800,1.06,Boost All,3,legacy,info,,online,valid,f,0626f884-4f8a-4b55-bbcc-3a28e1635a36
2026-07-21 11:18:08.727-07,57.47,21.29,28.76,28.22,0.720,54.52,56.92,0.0700,4.22,Boost All,3,legacy,info,,online,valid,f,f3137942-aede-469c-b6e6-118b0e88a42b
2026-07-21 11:18:08.83-07,100.00,25.75,26.83,20.12,0.940,91.31,41.68,0.1200,3.88,Reduce AHU,1,legacy,info,,online,valid,f,3ec2f30c-4b29-4a63-9879-41c766dc9661
2026-07-21 11:18:08.936-07,100.00,27.97,31.04,23.35,1.030,100.00,45.88,0.1300,0.65,Eco Mode,4,legacy,info,,online,valid,t,3a9ece7f-684e-4868-95a3-5a05afa47e5b
2026-07-21 11:18:09.041-07,91.51,26.65,30.07,22.24,0.950,92.58,42.23,0.1100,1.76,Increase Chiller,0,legacy,info,,online,valid,f,f656d270-63c2-468a-8154-bd1c62034a26
2026-07-21 11:18:09.148-07,62.10,20.36,24.25,22.18,0.710,61.75,43.29,0.0700,1.82,Boost All,3,legacy,info,,online,valid,f,b1929cf6-5b19-4a5f-a529-f325cbd9dff6
2026-07-21 11:18:09.255-07,46.17,18.41,26.25,23.35,0.610,44.42,51.57,0.0600,0.65,Increase Chiller,0,legacy,info,,online,valid,f,47e04978-126b-40de-9d1a-96d7455797bf
2026-07-21 11:18:09.361-07,78.84,22.21,27.69,21.55,0.830,74.94,45.41,0.1000,2.45,Eco Mode,4,legacy,info,,online,valid,f,ec114dd7-4780-495b-a49f-e31ac8032322
2026-07-21 11:18:09.465-07,74.14,23.20,29.41,27.74,0.910,79.77,53.80,0.0800,3.74,Boost All,3,legacy,info,,online,valid,f,eefc4865-0329-4162-8872-b387f9227b12
2026-07-21 11:18:09.571-07,65.39,20.49,27.34,18.70,0.710,61.88,42.13,0.0700,5.30,Maintain,2,legacy,info,,online,valid,f,68862b83-b074-48d8-8be7-d2c6a6d07a06
2026-07-21 11:18:09.675-07,53.22,20.98,26.43,19.88,0.700,60.78,43.43,0.1000,4.12,Eco Mode,4,legacy,info,,online,valid,f,b53f21dc-860a-4134-84ea-4ea94129b228
2026-07-21 11:18:09.78-07,77.86,20.36,25.25,23.10,0.760,68.39,43.37,0.0900,0.90,Eco Mode,4,legacy,info,,online,valid,f,14a96ad3-e442-4705-9123-b3ae5d1374e2
2026-07-21 11:18:09.885-07,55.38,21.03,26.22,20.43,0.740,64.55,45.51,0.1100,3.57,Eco Mode,4,legacy,info,,online,valid,f,d6d59597-9df5-4479-82f7-c8c576d33b44
2026-07-21 11:18:09.992-07,51.42,19.94,27.89,21.63,0.600,48.33,41.93,0.0500,2.37,Boost All,3,legacy,info,,online,valid,f,4f0d564c-6211-4ca6-9189-2241f7a2b559
2026-07-21 11:18:10.099-07,74.35,21.60,25.86,18.60,0.790,76.26,36.22,0.0800,5.40,Increase Chiller,0,legacy,info,,online,valid,f,1c90bcfa-d008-4465-bbf9-6587e06d0291
2026-07-21 11:18:10.206-07,72.72,22.71,25.38,28.51,0.900,80.18,52.46,0.1300,4.51,Increase Chiller,0,legacy,info,,online,valid,f,fb496514-01fe-417f-b50a-f08917aee950
2026-07-21 11:18:10.311-07,89.96,22.91,28.74,25.22,0.940,88.64,46.08,0.0800,1.22,Boost All,3,legacy,info,,online,valid,f,a09cc8b7-2bf3-4af1-bef3-1fd37517259e
2026-07-21 11:18:10.418-07,72.11,22.00,28.82,30.05,0.940,81.30,58.60,0.1000,6.05,Boost All,3,legacy,info,,online,valid,f,965869ff-2fd6-4ae5-9cab-427f9fdb64ee
2026-07-21 11:18:10.524-07,52.43,19.92,23.85,26.84,0.680,52.98,51.15,0.0900,2.84,Maintain,2,legacy,info,,online,valid,f,9935fea6-9a03-4c41-ac34-378516d0bfd5
2026-07-21 11:18:10.631-07,93.97,24.45,29.54,18.94,1.000,100.00,40.57,0.1300,5.06,Reduce AHU,1,legacy,info,,online,valid,f,40e94f01-9e84-4bd5-bdab-0205a629680a
2026-07-21 11:18:10.736-07,46.38,19.50,24.03,22.92,0.600,48.55,43.31,0.0500,1.08,Boost All,3,legacy,info,,online,valid,f,3a416474-73cd-42af-9300-31035e3e5156
2026-07-21 11:18:10.843-07,40.15,19.03,26.48,21.93,0.560,42.38,43.23,0.0600,2.07,Reduce AHU,1,legacy,info,,online,valid,f,e602a1af-7eb5-4f9c-bf15-0b7bee0a5ac6
2026-07-21 11:18:10.949-07,71.15,21.85,28.14,26.53,0.910,78.01,58.03,0.1100,2.53,Eco Mode,4,legacy,info,,online,valid,f,f702f308-0215-4475-a30d-fa1acd667a4c
2026-07-21 11:18:11.055-07,52.18,21.41,25.99,19.69,0.540,43.65,38.61,0.0600,4.31,Maintain,2,legacy,info,,online,valid,f,8f8cf71b-95c9-4ebc-8639-5138a7bb3518
2026-07-21 11:18:11.158-07,53.19,18.61,27.89,18.00,0.550,46.91,34.77,0.0500,6.00,Boost All,3,legacy,info,,online,valid,f,441e4d6b-73b1-40e9-8910-35834d36e85a
2026-07-21 11:18:11.265-07,80.45,24.48,32.66,30.46,1.010,86.31,64.49,0.1100,6.46,Reduce AHU,1,legacy,info,,online,valid,f,c68c517f-3ba7-48a4-b9ef-6637724a132e
2026-07-21 11:18:11.395-07,80.93,22.04,25.24,20.62,0.930,89.32,43.56,0.1100,3.38,Increase Chiller,0,legacy,info,,online,valid,f,f334364a-ec80-4032-bc9b-9ccabf7a1c2c
2026-07-21 11:18:11.502-07,51.64,19.99,23.31,21.59,0.680,56.83,44.42,0.0700,2.41,Increase Chiller,0,legacy,info,,online,valid,f,44afaef0-5903-44a8-ad6f-7de638e309dd
2026-07-21 11:18:11.607-07,76.82,22.21,26.21,26.51,0.830,72.04,50.58,0.1100,2.51,Reduce AHU,1,legacy,info,,online,valid,f,a2edd94b-5ed9-4401-917b-676c3cf85df9
2026-07-21 11:18:11.712-07,71.00,21.81,24.87,22.14,0.740,64.44,44.18,0.0900,1.86,Reduce AHU,1,legacy,info,,online,valid,f,eee07a32-ff26-45c6-bcc5-e7556d439ab9
2026-07-21 11:18:11.819-07,54.85,19.42,23.13,21.98,0.660,54.35,45.93,0.0700,2.02,Increase Chiller,0,legacy,info,,online,valid,f,2268000a-0dea-4876-8af7-50c9c8f0c9eb
2026-07-21 11:18:11.925-07,51.27,20.70,24.09,23.11,0.690,54.41,50.41,0.0600,0.89,Maintain,2,legacy,info,,online,valid,f,cd56ad14-0482-43d6-8e1b-2a7285dc03aa
2026-07-21 11:18:12.032-07,75.18,20.63,29.04,22.08,0.910,84.63,46.25,0.1100,1.92,Maintain,2,legacy,info,,online,valid,f,83068dc4-ecc5-48ad-91dc-3994071d2b12
2026-07-21 11:18:12.138-07,59.03,21.82,23.97,25.46,0.670,49.15,55.73,0.0900,1.46,Boost All,3,legacy,info,,online,valid,f,912fdd0a-a9ae-4e88-9e7a-561846f635ea
2026-07-21 11:18:12.243-07,65.98,21.18,26.41,26.09,0.780,67.63,48.13,0.0600,2.09,Boost All,3,legacy,info,,online,valid,f,a79e9fca-995f-4ac5-867d-ffe329f799f1
2026-07-21 11:18:12.349-07,100.00,24.35,27.67,21.55,0.940,93.05,38.52,0.0900,2.45,Boost All,3,legacy,info,,online,valid,f,76b04861-e733-4f3a-bdea-023f09411cad
2026-07-21 11:18:12.457-07,79.64,22.07,27.78,29.26,0.870,71.76,58.88,0.0800,5.26,Maintain,2,legacy,info,,online,valid,f,a4e5236a-9917-415b-9c60-7fae32f378ea
2026-07-21 11:18:12.563-07,74.15,21.52,27.94,27.38,0.910,78.62,55.66,0.1200,3.38,Increase Chiller,0,legacy,info,,online,valid,f,c26f235e-7686-4be6-bbd2-f04eb6c270d4
2026-07-21 11:18:12.67-07,64.72,21.78,24.80,29.23,0.790,60.77,60.02,0.0700,5.23,Boost All,3,legacy,info,,online,valid,f,2fa2a6d6-a5c7-4958-b338-6ac237909d8b
2026-07-21 11:18:12.774-07,91.28,24.51,32.05,23.34,1.000,93.20,50.24,0.1400,0.66,Increase Chiller,0,legacy,info,,online,valid,f,3afbb18e-8452-4c55-b5ac-4147dec3c9bb
2026-07-21 11:18:12.877-07,76.70,21.50,25.43,23.57,0.890,82.29,46.88,0.0700,0.43,Increase Chiller,0,legacy,info,,online,valid,f,8bdcd6bd-a7e1-473f-966a-4315a927a462
2026-07-21 11:18:12.984-07,26.19,16.68,22.51,24.02,0.500,33.94,46.16,0.0500,0.02,Boost All,3,legacy,info,,online,valid,f,28074039-121e-4245-95b1-08b6f6441d75
2026-07-21 11:18:13.091-07,28.88,18.70,23.39,27.94,0.520,26.70,60.31,0.0700,3.94,Reduce AHU,1,legacy,info,,online,valid,f,3d6ac4b8-f92b-43c1-b550-251fe46caba1
2026-07-21 11:18:13.199-07,73.98,22.68,28.32,22.57,0.810,71.65,48.13,0.0800,1.43,Maintain,2,legacy,info,,online,valid,f,77714838-decb-4eb2-9052-08d79b042dc7
2026-07-21 11:18:13.305-07,66.80,22.53,27.78,24.00,0.740,60.96,50.64,0.0900,0.00,Increase Chiller,0,legacy,info,,online,valid,f,9731844b-9b91-44d0-86f5-e78873b1c158
2026-07-21 11:18:13.41-07,67.23,20.19,24.63,24.40,0.770,67.75,46.03,0.0900,0.40,Maintain,2,legacy,info,,online,valid,f,66317a7f-0f70-4d8b-8a00-ae656f15cadb
2026-07-21 11:18:13.518-07,84.73,23.81,29.84,21.17,0.820,76.34,40.99,0.1100,2.83,Maintain,2,legacy,info,,online,valid,f,398d7b4e-a439-4a98-a005-279e68b2cf8b
2026-07-21 11:18:13.625-07,60.28,21.27,25.79,28.88,0.830,68.66,56.28,0.0700,4.88,Reduce AHU,1,legacy,info,,online,valid,f,4d64cb1e-7a95-4af2-ae76-d638fd04b0db
2026-07-21 11:18:13.73-07,18.26,17.47,21.26,25.86,0.410,20.00,50.58,0.0400,1.86,Maintain,2,legacy,info,,online,valid,f,0a12dc56-3d41-48ea-bd0b-8e5947b93d83
2026-07-21 11:18:13.838-07,65.61,22.16,24.62,26.27,0.730,56.52,54.95,0.1100,2.27,Eco Mode,4,legacy,info,,online,valid,f,4dc50b58-37f0-48f6-8e75-6c609b2da48d
2026-07-21 11:18:13.944-07,85.93,25.26,25.26,23.26,0.880,81.81,45.17,0.0900,0.74,Boost All,3,legacy,info,,online,valid,f,a308088a-3f2c-40f2-a281-fcaf0c208283
2026-07-21 11:18:14.052-07,100.00,23.99,30.44,21.09,1.030,100.00,45.99,0.1000,2.91,Eco Mode,4,legacy,info,,online,valid,f,9a9fa481-5e70-470f-a17b-aec989e343a9
2026-07-21 11:18:14.155-07,73.78,22.85,24.64,25.90,0.890,76.63,55.76,0.1000,1.90,Boost All,3,legacy,info,,online,valid,f,044d05ea-30c3-4327-8cfc-a272c6da9fec
2026-07-21 11:18:14.258-07,94.44,24.11,28.14,25.08,0.990,91.52,51.57,0.0800,1.08,Increase Chiller,0,legacy,info,,online,valid,f,70a8d93c-fbf5-43cd-8a22-8ac0bb0ea427
2026-07-21 11:18:14.365-07,57.98,21.98,25.56,22.78,0.740,65.19,44.46,0.0800,1.22,Eco Mode,4,legacy,info,,online,valid,f,3cd15d7d-8013-4d35-b682-a31ed9921735
2026-07-21 11:18:14.471-07,59.72,23.19,32.18,25.99,0.790,67.99,49.57,0.0700,1.99,Increase Chiller,0,legacy,info,,online,valid,f,dd53d00e-aaee-441f-b53a-ecece2754874
2026-07-21 11:18:14.576-07,72.50,22.16,28.16,24.63,0.890,78.14,52.57,0.0900,0.63,Increase Chiller,0,legacy,info,,online,valid,f,bef64a05-8de1-4e49-bce7-e6efd6dd79f4
2026-07-21 11:18:14.68-07,49.69,20.48,29.24,22.47,0.690,58.53,43.58,0.0800,1.53,Reduce AHU,1,legacy,info,,online,valid,f,07c5c70a-3227-42cd-ac4a-0da37d6e381d
2026-07-21 11:18:14.786-07,73.23,22.83,25.53,23.57,0.840,75.36,47.15,0.0900,0.43,Eco Mode,4,legacy,info,,online,valid,f,7b076b0e-8e70-458b-a216-6fffb6f99c96
2026-07-21 11:18:14.893-07,64.66,21.51,26.59,31.41,0.920,73.55,66.00,0.1300,7.41,Reduce AHU,1,legacy,info,,online,valid,t,8b73cb42-1ca0-4589-9b6d-9ef27516f9bf
2026-07-21 11:18:14.999-07,52.71,20.40,27.91,26.59,0.760,58.40,58.07,0.0700,2.59,Boost All,3,legacy,info,,online,valid,f,c596c6d7-e15a-4e7b-9dd7-6dac44a86b3a
