Timestamp,Actual_Next_Inlet_C,Predicted_Next_Inlet_C,Actual_ASHRAE_Violation,Predicted_ASHRAE_Violation,Actual_Cooling_Power_kW,Predicted_Cooling_Power_kW
2025-04-27 14:00:00,26.148616790580732,21.59245299130967,0,0,1.04,1.0383584703805988
2025-04-27 15:00:00,19.069569679016652,21.52719059234675,0,0,0.65,0.649233388530045
2025-04-27 16:00:00,19.812323855082084,21.57714959421161,0,0,0.63,0.6290100663326341
2025-04-27 17:00:00,19.86368895639284,21.558335773760763,0,0,0.65,0.6503214462378213
2025-04-27 18:00:00,15.968809286602752,21.324146678498423,0,0,0.38,0.3829484178021242
2025-04-27 19:00:00,24.45708319918067,21.424813558707136,0,0,0.85,0.8490435854608707
2025-04-27 20:00:00,19.88992257649324,21.52314312387245,0,0,0.53,0.5325209664752146
2025-04-27 21:00:00,21.42870833645978,21.621863831724543,0,0,0.76,0.7619607996880569
2025-04-27 22:00:00,22.21140568477693,21.56919240345468,0,0,0.82,0.8243759248204254
2025-04-27 23:00:00,22.010489573412375,21.559117087803514,0,0,0.66,0.66462107064519
2025-04-28 00:00:00,23.93877843842789,21.58577156183413,0,0,0.99,0.9886248706372112
2025-04-28 01:00:00,23.206588242127772,21.539719633563536,0,0,0.9,0.8969340642248037
2025-04-28 02:00:00,19.84864719837495,21.510398772246933,0,0,0.66,0.6625452876073237
2025-04-28 03:00:00,26.678547497436735,21.56472745028977,0,0,1.03,1.0257835493707979
2025-04-28 04:00:00,24.127225455617104,21.48090399744805,0,0,0.99,0.9921584189355087
2025-04-28 05:00:00,24.952310449025916,21.620473648765387,0,0,1,1.004469000908302
2025-04-28 06:00:00,18.492007024887457,21.522513769818016,0,0,0.56,0.5647473138519983
2025-04-28 07:00:00,21.50940728517558,21.595551872246983,0,0,0.76,0.7639179325310392
2025-04-28 08:00:00,24.18208582256924,21.566481784286044,0,0,0.92,0.9208859520217914
2025-04-28 09:00:00,25.193745307695004,21.452746604510136,0,0,0.96,0.9577868924698925
2025-04-28 10:00:00,26.02091153263934,21.488109436010568,0,0,1.08,1.0842891758145772
2025-04-28 11:00:00,25.271512404220285,21.55080809413388,0,0,0.96,0.9617655329628816
2025-04-28 12:00:00,19.985493526851347,21.593672033560132,0,0,0.69,0.6931241420821996
2025-04-28 13:00:00,23.115588995373233,21.437937944247974,0,0,0.75,0.7519560473371009
2025-04-28 14:00:00,21.366541406607602,21.329819482327018,0,0,0.85,0.8511838289716135
2025-04-28 15:00:00,23.425621700545484,21.56362529289425,0,0,0.82,0.8219555862868122
2025-04-28 16:00:00,23.84871597825625,21.494143645451448,0,0,0.89,0.8945195450428736
2025-04-28 17:00:00,22.400814400409605,21.523123071647586,0,0,0.81,0.8148399998161315
2025-04-28 18:00:00,24.067055990484445,21.510169974311545,0,0,0.98,0.9755052602008448
2025-04-28 19:00:00,25.13702004942551,21.50153387816447,0,0,0.97,0.967286665493373
2025-04-28 20:00:00,21.01194204414281,21.520082891472033,0,0,0.75,0.7521755142554565
2025-04-28 21:00:00,21.771801989975184,21.495227008863406,0,0,0.8,0.8017619242049194
2025-04-28 22:00:00,19.770125270867073,21.48458638856839,0,0,0.56,0.5648568199059957
2025-04-28 23:00:00,22.78012065180332,21.52057442600342,0,0,0.75,0.7494405374845186
2025-04-29 00:00:00,20.105482337751766,21.534637393804704,0,0,0.81,0.8088314604855713
2025-04-29 01:00:00,20.325855838447726,21.58359946733886,0,0,0.63,0.6334982955679158
2025-04-29 02:00:00,21.73375709651871,21.241555320672195,0,0,0.87,0.8702623690719088
2025-04-29 03:00:00,22.955097307537027,21.48988393597003,0,0,0.82,0.8184503044038803
2025-04-29 04:00:00,24.32921435205535,21.467617573304697,0,0,1.04,1.0405942163151165
2025-04-29 05:00:00,22.51615915650989,21.538198725705794,0,0,0.84,0.8400547555926837
2025-04-29 06:00:00,22.91560159163083,21.615398657505818,0,0,0.84,0.8392897041918396
2025-04-29 07:00:00,24.285833957497893,21.496840207269976,0,0,1,0.9989474677835299
2025-04-29 08:00:00,22.622260174195716,21.45829909645083,0,0,0.98,0.9828812047976798
2025-04-29 09:00:00,22.913504480061537,21.55436115986155,0,0,0.94,0.9396175514013839
2025-04-29 10:00:00,21.017849126670605,21.556300765532193,0,0,0.73,0.7305894299357655
2025-04-29 11:00:00,17.229124161532066,21.505413162709505,0,0,0.38,0.37796395911379993
2025-04-29 12:00:00,19.747102144141017,21.612599939901443,0,0,0.69,0.6925905433052201
2025-04-29 13:00:00,20.903017146831022,21.522313375201833,0,0,0.74,0.7400025522100575
2025-04-29 14:00:00,18.08564560482439,21.55053784258424,0,0,0.6,0.6033714538691295
2025-04-29 15:00:00,21.012610683825777,21.604842950024157,0,0,0.68,0.6803861504388524
2025-04-29 16:00:00,19.44226422177429,21.32554509481149,0,0,0.62,0.6173633164714496
2025-04-29 17:00:00,22.04564552001741,21.58260704932439,0,0,0.76,0.7555045420542419
2025-04-29 18:00:00,24.443863131379807,21.402058258660823,0,0,0.92,0.9197351432023735
2025-04-29 19:00:00,19.71597477804648,21.59489120128607,0,0,0.49,0.4917976426172446
2025-04-29 20:00:00,19.204819012406375,21.545586534030253,0,0,0.57,0.5697764097810463
2025-04-29 21:00:00,21.302218425472862,21.58800936714599,0,0,0.58,0.5843632756657633
2025-04-29 22:00:00,23.032752922051277,21.495584214113226,0,0,0.93,0.9338629461728383
2025-04-29 23:00:00,23.742967607325863,21.35353524815913,0,0,0.8,0.8014422143343037
2025-04-30 00:00:00,19.76415710793952,21.518457275308705,0,0,0.49,0.4922940097263913
2025-04-30 01:00:00,25.73834743978709,21.640736432623893,0,0,1.05,1.0511323007624573
2025-04-30 02:00:00,21.796205790653957,21.588264062761226,0,0,0.78,0.7809362248460717
2025-04-30 03:00:00,17.68761821966145,21.465780538830717,0,0,0.52,0.5190554461843249
2025-04-30 04:00:00,20.8393366974475,21.582608900187143,0,0,0.6,0.6006141195616449
2025-04-30 05:00:00,20.16022828683415,21.206495897348525,0,0,0.58,0.5781408252738148
2025-04-30 06:00:00,23.493068384691053,21.501205720786203,0,0,0.81,0.808661324185149
2025-04-30 07:00:00,23.413441195045124,21.530401181964997,0,0,0.81,0.8062503723958011
2025-04-30 08:00:00,18.78308617004288,21.569825955806877,0,0,0.47,0.4674504729812211
2025-04-30 09:00:00,25.84302404404209,21.632194842097096,0,0,0.93,0.9327478404424367
2025-04-30 10:00:00,21.661803864632358,21.406665978806384,0,0,0.73,0.7297310587579496
2025-04-30 11:00:00,20.82788472573333,21.602701444026437,0,0,0.54,0.5426227880956827
2025-04-30 12:00:00,23.898295141170184,21.328054366769162,0,0,0.98,0.9817702808147064
2025-04-30 13:00:00,25.649452363796787,21.508254155098342,0,0,0.88,0.8821638137660865
2025-04-30 14:00:00,24.193619695728895,21.492595843135128,0,0,0.94,0.9353406868817078
2025-04-30 15:00:00,22.557891950629344,21.509973394453862,0,0,0.93,0.9339482809614562
2025-04-30 16:00:00,22.238179518729684,21.538216543634626,0,0,0.88,0.8797523714442467
2025-04-30 17:00:00,22.272182492769133,21.464339278404363,0,0,0.9,0.9034618330988273
2025-04-30 18:00:00,24.592917663903542,21.31771084955381,0,0,1.08,1.0757297919478543
2025-04-30 19:00:00,20.263874531053602,21.473485340631857,0,0,0.71,0.7051276989426659
2025-04-30 20:00:00,22.496646631816763,21.52931219283006,0,0,0.84,0.842922784260597
2025-04-30 21:00:00,23.98496390453746,21.49826339883584,0,0,0.79,0.7909103107286651
2025-04-30 22:00:00,23.772641441910086,21.242117493356915,0,0,0.95,0.950457769428563
2025-04-30 23:00:00,21.52854314093861,21.558671177803124,0,0,0.82,0.8174847562562615
2025-05-01 00:00:00,20.96269142455244,21.529368711937835,0,0,0.7,0.7008720678023971
2025-05-01 01:00:00,23.37542940282025,21.56754150409279,0,0,1.02,1.0194341410204957
2025-05-01 02:00:00,18.963580706952005,21.295239171240418,0,0,0.82,0.821716409108115
2025-05-01 03:00:00,26.461586575733612,21.482678910512536,0,0,0.99,0.9919983671685628
2025-05-01 04:00:00,26.96652842835401,21.400825057133765,0,0,1.04,1.0382852089668808
2025-05-01 05:00:00,21.61924757645168,21.53569069464625,0,0,0.93,0.930450815990151
2025-05-01 06:00:00,22.161552904696144,21.47004169560944,0,0,0.82,0.8219050472199485
2025-05-01 07:00:00,23.530040143374396,21.6413204460998,0,0,1.05,1.0498014643957372
2025-05-01 08:00:00,22.062073981424003,21.539940750481268,0,0,0.67,0.6688572336288985
2025-05-01 09:00:00,21.336098992555737,21.58746726659511,0,0,0.7,0.6998574788269691
2025-05-01 10:00:00,18.536679772897344,21.575841054027553,0,0,0.51,0.5061499901058634
2025-05-01 11:00:00,24.254278263062446,21.43403057065637,0,0,0.77,0.7725151566631507
2025-05-01 12:00:00,23.049772040850662,21.443140176970065,0,0,0.8,0.8004926943503082
2025-05-01 13:00:00,18.858445397356167,21.52227433576776,0,0,0.7,0.6975074320506556
2025-05-01 14:00:00,22.235616807319666,21.52106121854897,0,0,0.86,0.8640086650464431
2025-05-01 15:00:00,23.512855509782877,21.51700981909824,0,0,0.93,0.9287956702147551
2025-05-01 16:00:00,19.11460439103857,21.53988400988974,0,0,0.69,0.6886169691363174
2025-05-01 17:00:00,21.138294509303794,21.38870334780861,0,0,0.83,0.8300236704452258
2025-05-01 18:00:00,21.508545890386028,21.58495416796915,0,0,0.84,0.8391530190934698
2025-05-01 19:00:00,21.582173425048662,21.56412762428137,0,0,0.75,0.7504134459963862
2025-05-01 20:00:00,16.02120896975737,21.567430411498872,0,0,0.38,0.37761558431231756
2025-05-01 21:00:00,20.231852658400054,21.395308610036334,0,0,0.62,0.6233974677432512
2025-05-01 22:00:00,25.109411747801804,21.45023032203452,0,0,1.03,1.0348095328144427
2025-05-01 23:00:00,21.274708802806796,21.577791704202657,0,0,0.83,0.830696009865127
2025-05-02 00:00:00,21.50481883853937,21.50052208477438,0,0,0.87,0.8664329153272603
2025-05-02 01:00:00,15.396917493375415,21.443258765161918,0,0,0.44,0.44121967317668437
2025-05-02 02:00:00,20.196044668919978,21.600042149805212,0,0,0.64,0.6431827677386647
2025-05-02 03:00:00,22.812828033876016,21.53864189550661,0,0,0.91,0.9137927972265573
2025-05-02 04:00:00,22.331771632639057,21.559104705236564,0,0,0.82,0.817495486598247
2025-05-02 05:00:00,25.310664722279604,21.42538008701213,0,0,1.03,1.0321782705940357
2025-05-02 06:00:00,21.005705836589783,21.529290270947573,0,0,0.81,0.8075295867287661
2025-05-02 07:00:00,25.345309468140176,21.53655965001753,0,0,0.88,0.8794058790070965
2025-05-02 08:00:00,23.09814831100222,21.60351887739465,0,0,0.87,0.8712011681628458
2025-05-02 09:00:00,20.540185703157174,21.473369929498833,0,0,0.53,0.5302580971601432
2025-05-02 10:00:00,21.631152601704425,21.627614417066372,0,0,0.77,0.7682385761237138
2025-05-02 11:00:00,18.997496301603515,21.583847736097503,0,0,0.66,0.6563876667796856
2025-05-02 12:00:00,19.505259819449527,21.59646089142288,0,0,0.51,0.5141240314200258
2025-05-02 13:00:00,23.949728021809317,21.610536356088584,0,0,0.76,0.7598512025734914
2025-05-02 14:00:00,22.369384878492,21.191428602155522,0,0,0.86,0.8591956992167352
2025-05-02 15:00:00,21.769487407581813,21.554838146998453,0,0,0.74,0.7384449671032539
2025-05-02 16:00:00,18.68414322112233,21.507654804633535,0,0,0.67,0.6725731496699057
2025-05-02 17:00:00,25.140415560311915,21.603036481771184,0,0,1.07,1.071405184035881
2025-05-02 18:00:00,24.415940856095514,21.543364865538138,0,0,0.97,0.9676671696450665
2025-05-02 19:00:00,18.954321018873266,21.496375397906515,0,0,0.69,0.6930471942988945
2025-05-02 20:00:00,15.646304749975807,21.53224552244699,0,0,0.48,0.48364807471263044
2025-05-02 21:00:00,22.19941953840653,21.387414255883996,0,0,0.62,0.6190927177699962
2025-05-02 22:00:00,20.634830192135503,21.468270927537265,0,0,0.66,0.6603245280395021
2025-05-02 23:00:00,20.104918200295486,21.404129428017207,0,0,0.68,0.683083283251509
2025-05-03 00:00:00,19.608810859599593,21.53710451952769,0,0,0.71,0.7107931704683501
2025-05-03 01:00:00,21.03664058926093,21.619924928129834,0,0,0.76,0.7632277121694402
2025-05-03 02:00:00,22.36617538448416,21.534010821600152,0,0,0.97,0.9657877518350275
2025-05-03 03:00:00,18.241721816422977,21.471060289893725,0,0,0.51,0.506043335470572
2025-05-03 04:00:00,20.60427172542002,21.607185578318624,0,0,0.73,0.7295496571414052
2025-05-03 05:00:00,15.872361565201219,21.59658572015896,0,0,0.5,0.5002063379511743
2025-05-03 06:00:00,22.780474729468704,21.53829440515536,0,0,0.89,0.8936242517989064
2025-05-03 07:00:00,19.688057865944035,21.478070000249346,0,0,0.61,0.6063967012696869
2025-05-03 08:00:00,25.12313434924929,21.52671969094582,0,0,1.02,1.0202273094552765
2025-05-03 09:00:00,20.095212619950697,21.535716412243723,0,0,0.69,0.6936423521954742
2025-05-03 10:00:00,20.785402745869384,21.462466003472088,0,0,0.89,0.893181308857266
2025-05-03 11:00:00,22.681187975564235,21.46589944317713,0,0,0.95,0.947163414265781
2025-05-03 12:00:00,26.484076660859923,21.51086751487251,0,0,0.86,0.8625913165408918
2025-05-03 13:00:00,19.050728175435502,21.477194586825934,0,0,0.52,0.5182385658345703
2025-05-03 14:00:00,18.48924809720254,21.567646555207485,0,0,0.65,0.647606332999769
2025-05-03 15:00:00,22.082882864538856,21.585206863889894,0,0,0.9,0.8952805024656135
2025-05-03 16:00:00,23.236226536887518,21.520715679567484,0,0,0.89,0.8918791598983838
2025-05-03 17:00:00,18.047454983541044,21.500799597462017,0,0,0.46,0.4600635377696212
2025-05-03 18:00:00,21.346355637923985,21.5408525246548,0,0,0.92,0.9161981728650286
2025-05-03 19:00:00,19.698017265744525,21.594758690013375,0,0,0.74,0.7373625594488107
2025-05-03 20:00:00,22.122488059450948,21.404592645685703,0,0,0.8,0.8032705138794438
2025-05-03 21:00:00,16.882423523212076,21.33682026371759,0,0,0.56,0.5602340258966538
2025-05-03 22:00:00,21.926333645035026,21.53425622615118,0,0,0.78,0.7791472483184554
2025-05-03 23:00:00,22.17868758509432,21.517323935286484,0,0,0.93,0.9336230964104169
2025-05-04 00:00:00,22.122781018308853,21.496980224253537,0,0,0.77,0.7732776433461457
2025-05-04 01:00:00,23.22312832577693,21.235949566888888,0,0,0.98,0.977200539885155
2025-05-04 02:00:00,20.536224590601787,21.46854471250197,0,0,0.7,0.6985845788533381
2025-05-04 03:00:00,23.760129298310197,21.56749764570181,0,0,0.82,0.8250877138848428
2025-05-04 04:00:00,20.629973917513418,21.586315752380262,0,0,0.8,0.7982476543711362
2025-05-04 05:00:00,23.018662563634958,21.567336410330853,0,0,1,0.9966475666502301
2025-05-04 06:00:00,23.59083148025025,21.468290126182712,0,0,0.97,0.9657009589966847
2025-05-04 07:00:00,18.630996900087037,21.21967772656546,0,0,0.53,0.5330923323030956
2025-05-04 08:00:00,20.857700236270123,21.330423440286506,0,0,0.53,0.5345564482962686
2025-05-04 09:00:00,19.006868756962163,21.608668585018282,0,0,0.78,0.7833648619367232
2025-05-04 10:00:00,19.912046120651183,21.54169026353059,0,0,0.69,0.6872820068745424
2025-05-04 11:00:00,18.495950851536474,21.55306083823163,0,0,0.5,0.4957549373180855
2025-05-04 12:00:00,19.951444351833143,21.4965119348356,0,0,0.72,0.7235281504211463
2025-05-04 13:00:00,15.359588115443776,21.52478622400749,0,0,0.38,0.38320820043279724
2025-05-04 14:00:00,23.93729604768245,21.53333354335607,0,0,0.82,0.8202768105452816
2025-05-04 15:00:00,22.68526576392531,21.27933914748105,0,0,0.93,0.925548935397874
2025-05-04 16:00:00,21.69007772842008,21.558270132427026,0,0,0.72,0.715658220840368
2025-05-04 17:00:00,21.493539326579672,21.542133009946777,0,0,0.67,0.666558997492836
2025-05-04 18:00:00,23.246322602997363,21.548767488522177,0,0,0.94,0.9374767113435278
2025-05-04 19:00:00,22.247119217798673,21.592789700040186,0,0,0.79,0.7921043529833336
2025-05-04 20:00:00,21.500961542800418,21.480064470079768,0,0,0.81,0.8077725065250385
2025-05-04 21:00:00,20.275847036721185,21.38792282862579,0,0,0.77,0.7739753385785162
2025-05-04 22:00:00,21.256727524964074,21.48096562961054,0,0,0.83,0.8279671872840828
2025-05-04 23:00:00,23.577872846241696,21.404896166619608,0,0,0.74,0.7424119841491285
2025-05-05 00:00:00,20.498500485876782,21.59975151285848,0,0,0.69,0.6946171968069037
2025-05-05 01:00:00,20.148544106748325,21.267531902631408,0,0,0.66,0.6585735475117757
2025-05-05 02:00:00,23.29656152877905,21.464990037111985,0,0,0.92,0.9183043034441921
2025-05-05 03:00:00,24.47605888101189,21.4994735540291,0,0,1.01,1.0128248173055978
2025-05-05 04:00:00,20.057708937717315,21.521217937759786,0,0,0.78,0.7752989517785177
2025-05-05 05:00:00,21.844418506999517,21.58522766198498,0,0,0.9,0.8978019166160971
2025-05-05 06:00:00,18.303359661311255,21.412645438741826,0,0,0.38,0.3840203547382874
2025-05-05 07:00:00,23.982689491735485,21.51707934861811,0,0,0.76,0.763104997527388
2025-05-05 08:00:00,19.02695229020922,21.568750687106707,0,0,0.56,0.555223858076622
2025-05-05 09:00:00,20.71336395506093,21.52369722190315,0,0,0.88,0.8795727450171715
2025-05-05 10:00:00,18.920334311138443,21.508146975778992,0,0,0.62,0.6215140999224399
2025-05-05 11:00:00,24.291810746856346,21.613007016505296,0,0,0.91,0.9105505767938985
2025-05-05 12:00:00,22.47259941222232,21.589094881919912,0,0,0.95,0.9525040813285197
2025-05-05 13:00:00,15.682682833697037,21.532827923221394,0,0,0.35,0.3531054997007065
2025-05-05 14:00:00,23.081756192209568,21.33015051113438,0,0,0.71,0.7114266051835475
2025-05-05 15:00:00,23.532572219572735,21.580009214443912,0,0,0.76,0.7556773935685208
2025-05-05 16:00:00,24.903400077768048,21.41435434503673,0,0,0.93,0.9255833320477631
2025-05-05 17:00:00,21.820663013139907,21.530063944301574,0,0,0.78,0.7789145584433146
2025-05-05 18:00:00,15.71837872392849,21.45787280956509,0,0,0.4,0.39933818208561883
2025-05-05 19:00:00,19.157477543364994,21.582381662490413,0,0,0.53,0.5351663901105259
2025-05-05 20:00:00,20.726509776634224,21.601910798299418,0,0,0.64,0.643760920826429
2025-05-05 21:00:00,20.78078425905218,21.590307578870174,0,0,0.79,0.7906298063358321
2025-05-05 22:00:00,22.44351326605302,21.56678757025454,0,0,0.77,0.7728555895926557
2025-05-05 23:00:00,24.276652434575283,21.54746311160066,0,0,0.9,0.9022772069686085
2025-05-06 00:00:00,22.386859823683942,21.388105160621006,0,0,0.67,0.6667267329523318
2025-05-06 01:00:00,24.701540980566215,21.606876413104942,0,0,0.84,0.8355361007174354
2025-05-06 02:00:00,22.00632698754116,21.522284980637686,0,0,0.78,0.7832838847983027
2025-05-06 03:00:00,19.738315922793472,21.504812405903348,0,0,0.68,0.6761139446080976
2025-05-06 04:00:00,22.15996033648791,21.55683543364129,0,0,0.89,0.8878132616201813
2025-05-06 05:00:00,21.103657233680927,21.588099901709256,0,0,0.79,0.7883130357461724
2025-05-06 06:00:00,21.81988530689277,21.54650577532988,0,0,0.79,0.7936738306846848
2025-05-06 07:00:00,21.470155670010264,21.59214837404421,0,0,0.64,0.6390669508368303
2025-05-06 08:00:00,22.40286134625069,21.632328257414073,0,0,0.68,0.6803967581948827
2025-05-06 09:00:00,20.155923058358166,21.632055613708967,0,0,0.71,0.7141540342721204
2025-05-06 10:00:00,22.799697852957514,21.54631237442352,0,0,0.78,0.7750856102515058
2025-05-06 11:00:00,20.554581791663992,21.587894299647107,0,0,0.63,0.6310412631600575
2025-05-06 12:00:00,15.688830949757028,21.63660430570333,0,0,0.41,0.4145734513700853
2025-05-06 13:00:00,24.694720398741442,21.564679267984886,0,0,0.99,0.9849703241133738
2025-05-06 14:00:00,17.852002737576647,21.567898303438763,0,0,0.38,0.37910735124095896
2025-05-06 15:00:00,22.154464100011566,21.463736057552854,0,0,0.75,0.7482502229505844
2025-05-06 16:00:00,23.282862750567787,21.535027501060966,0,0,0.9,0.9017305731529732
2025-05-06 17:00:00,24.94916753007402,21.542737549901172,0,0,0.97,0.9682157424398988
2025-05-06 18:00:00,24.469908346694687,21.59810588477699,0,0,0.94,0.935055895567643
2025-05-06 19:00:00,20.411653387392132,21.528137520956832,0,0,0.55,0.5507829590472165
2025-05-06 20:00:00,19.85095367460822,21.562962834128513,0,0,0.65,0.6464368210518714
2025-05-06 21:00:00,24.452872424967723,21.599183196032783,0,0,1,1.002554569542995
2025-05-06 22:00:00,17.268131135158985,21.283522081270004,0,0,0.37,0.3734728048300172
2025-05-06 23:00:00,24.119121720477867,21.552479365173298,0,0,1.03,1.0314526982956167
2025-05-07 00:00:00,18.874724070405296,21.511922906349586,0,0,0.63,0.6250615402942991
2025-05-07 01:00:00,20.267149805585646,21.551878208544306,0,0,0.66,0.6613344305281861
2025-05-07 02:00:00,20.65593230068954,21.477059976631608,0,0,0.55,0.5474823639547848
2025-05-07 03:00:00,21.116081954743816,21.292562871914736,0,0,0.81,0.8080093408371435
2025-05-07 04:00:00,21.438990313689146,21.54882429858829,0,0,0.82,0.8241039027702448
2025-05-07 05:00:00,22.817467988221892,21.58551333114753,0,0,0.82,0.8231447649714183
2025-05-07 06:00:00,19.122755201553687,21.538038235680283,0,0,0.41,0.40771569171099975
2025-05-07 07:00:00,22.969092638298093,21.357593757526878,0,0,0.78,0.7781652481274319
2025-05-07 08:00:00,23.64105880212921,21.42951465096243,0,0,0.91,0.9089082491849145
2025-05-07 09:00:00,20.44831362284225,21.624587510029933,0,0,0.75,0.7545202197288466
2025-05-07 10:00:00,20.323953364834956,21.49880499461852,0,0,0.77,0.7690110094333003
2025-05-07 11:00:00,25.651432426090814,21.577128329796135,0,0,0.99,0.9917439739382716
2025-05-07 12:00:00,25.524145147591,21.516952147493086,0,0,0.95,0.954911338465267
2025-05-07 13:00:00,20.25182453119526,21.587585847640366,0,0,0.76,0.7633325529579374
2025-05-07 14:00:00,23.171722361358114,21.441700618675135,0,0,1.02,1.0194101279134684
2025-05-07 15:00:00,22.05445930606944,21.36886812856571,0,0,0.85,0.8460726419318282
2025-05-07 16:00:00,21.16642055057865,21.56878082606603,0,0,0.69,0.6892710639773212
2025-05-07 17:00:00,19.942756236867613,21.560434434656074,0,0,0.55,0.5471515567938419
2025-05-07 18:00:00,20.78983951583337,21.517846948349373,0,0,0.62,0.6158159561002927
2025-05-07 19:00:00,16.874504288742173,21.51992594878093,0,0,0.59,0.5856181108082759
2025-05-07 20:00:00,20.83904064746741,21.551295102716075,0,0,0.63,0.627765747697812
2025-05-07 21:00:00,19.937809554327686,21.575230187209783,0,0,0.62,0.6188346957934587
2025-05-07 22:00:00,21.902128410196426,21.520934157546336,0,0,1,0.9984393967460324
2025-05-07 23:00:00,17.910488762799186,21.47882994874642,0,0,0.59,0.5898384744095655
2025-05-08 00:00:00,21.095552078053124,21.375389176573968,0,0,0.59,0.587241425257053
2025-05-08 01:00:00,22.066064941018404,21.43861687610753,0,0,0.68,0.6837907884068847
2025-05-08 02:00:00,19.671729857423458,21.53492211064488,0,0,0.6,0.5994255760209161
2025-05-08 03:00:00,20.855191293743555,21.599453511221334,0,0,0.67,0.6651510132677306
2025-05-08 04:00:00,24.24902229329887,21.450048965678285,0,0,0.87,0.8689859908912176
2025-05-08 05:00:00,20.789678369686104,21.552956580001986,0,0,0.75,0.7453300512315724
2025-05-08 06:00:00,20.768398924591033,21.529337388115504,0,0,0.89,0.8856743008442787
2025-05-08 07:00:00,22.895533663100075,21.484172293020563,0,0,1.01,1.0061840169963516
2025-05-08 08:00:00,24.41822451546925,21.51936498426899,0,0,0.83,0.8270247095796845
2025-05-08 09:00:00,18.86546291636011,21.60637549719511,0,0,0.82,0.8165059498834671
2025-05-08 10:00:00,22.363858285936654,21.530469877666874,0,0,0.64,0.6395743603674205
2025-05-08 11:00:00,21.351589954878435,21.502778936774618,0,0,0.87,0.8716300803424777
2025-05-08 12:00:00,24.284028123207015,21.524736813198665,0,0,0.89,0.8942799933729956
2025-05-08 13:00:00,19.98581586116236,21.556464817181663,0,0,0.55,0.5505834574262624
2025-05-08 14:00:00,21.46437738411707,21.533043278108998,0,0,0.68,0.6831634862100497
2025-05-08 15:00:00,22.108570650599862,21.489988519825634,0,0,0.73,0.7275010446290445
2025-05-08 16:00:00,22.38897490946922,21.245143100422556,0,0,0.82,0.8204508904085346
2025-05-08 17:00:00,20.872173509453802,21.564333228675576,0,0,0.78,0.7784491614695594
2025-05-08 18:00:00,19.862241121344812,21.6104076390392,0,0,0.56,0.5583503828885312
2025-05-08 19:00:00,22.498092421381404,21.359445569637156,0,0,0.88,0.8833637864073477
2025-05-08 20:00:00,18.400723845226473,21.523129350892763,0,0,0.53,0.5345805774360743
2025-05-08 21:00:00,18.082559387046725,21.35617974465285,0,0,0.64,0.6444210952494387
2025-05-08 22:00:00,21.940793199073354,21.49781569241617,0,0,0.7,0.6999663267511517
2025-05-08 23:00:00,24.757697719106925,21.569399246763904,0,0,0.95,0.9480338909640786
2025-05-09 00:00:00,22.523467294908563,21.48445118469022,0,0,0.77,0.7746588514373842
2025-05-09 01:00:00,22.89813750177986,21.3010509149819,0,0,0.99,0.9933280471196158
2025-05-09 02:00:00,22.620962851907255,21.57175502844247,0,0,0.74,0.7401112343870042
2025-05-09 03:00:00,20.721947804658907,21.32530476349071,0,0,0.73,0.7312490863868191
2025-05-09 04:00:00,20.901312346059715,21.52314855772736,0,0,0.69,0.690801664726912
2025-05-09 05:00:00,24.53575212178922,21.548270823562447,0,0,0.85,0.8497213294337879
2025-05-09 06:00:00,21.191697077437432,21.575342535750362,0,0,0.72,0.7183060543604637
2025-05-09 07:00:00,19.237515203773995,21.57857651156223,0,0,0.57,0.573066236167975
2025-05-09 08:00:00,16.735041378380433,21.595113860095584,0,0,0.54,0.5359332826224182
2025-05-09 09:00:00,22.16187973057775,21.596951965560866,0,0,0.72,0.7200844631179253
2025-05-09 10:00:00,24.524927357262772,21.492900154965614,0,0,0.95,0.9511837087985675
2025-05-09 11:00:00,21.11593605114492,21.552705438066454,0,0,0.73,0.7270962684992441
2025-05-09 12:00:00,25.028140374022136,21.57232002079904,0,0,1.04,1.0405280167737692
2025-05-09 13:00:00,24.410111584605964,21.4744516889865,0,0,1.04,1.0384682692605391
2025-05-09 14:00:00,22.025919380279394,21.529020452195923,0,0,0.85,0.8470564218039751
2025-05-09 15:00:00,27.15484432708474,21.56351359049782,1,0,0.99,0.9904422201932949
2025-05-09 16:00:00,21.66016965506169,21.219437568952955,0,0,0.6,0.5982789779461816
2025-05-09 17:00:00,23.646251841615218,21.551429919648314,0,0,0.92,0.9229942028992165
2025-05-09 18:00:00,22.440739347141886,21.569522215606995,0,0,0.86,0.8563335689729025
2025-05-09 19:00:00,21.470702894087456,21.54539525101943,0,0,0.78,0.7772239558500711
2025-05-09 20:00:00,22.79620526779479,21.481835742393024,0,0,0.97,0.9710163257552504
2025-05-09 21:00:00,18.440234653742557,21.536859897676887,0,0,0.57,0.5658102570184649
2025-05-09 22:00:00,22.399354911340517,21.55674465895069,0,0,0.9,0.9026628998842996
2025-05-09 23:00:00,18.742372435303988,21.553226307348673,0,0,0.56,0.5620833040260841
2025-05-10 00:00:00,23.834855084932805,21.512845523176868,0,0,0.87,0.87230560345986
2025-05-10 01:00:00,21.067531976468704,21.432382702626818,0,0,0.77,0.7722639109508324
2025-05-10 02:00:00,24.512131906112927,21.332101473398932,0,0,1,0.9966475405699775
2025-05-10 03:00:00,20.091679926450006,21.57542173842831,0,0,0.7,0.6950525823241134
2025-05-10 04:00:00,20.295793456075174,21.592973843934345,0,0,0.62,0.6159117445569962
2025-05-10 05:00:00,22.734922538580523,21.56078754656662,0,0,0.86,0.8562540626266439
2025-05-10 06:00:00,19.616199968739412,21.512414262061267,0,0,0.66,0.6619897099651343
2025-05-10 07:00:00,21.227397322494745,21.589633973686443,0,0,0.68,0.6792438504821248
2025-05-10 08:00:00,19.141757435819457,21.36158096525051,0,0,0.65,0.6472347108622369
2025-05-10 09:00:00,23.408943759898957,21.526927563235734,0,0,0.75,0.7454679346115033
2025-05-10 10:00:00,20.500122301303396,21.58036166790235,0,0,0.68,0.6787384686825098
2025-05-10 11:00:00,22.936539375002123,21.55281660005048,0,0,0.82,0.8237457219902147
2025-05-10 12:00:00,22.040603662818437,21.56564372860103,0,0,0.82,0.8175778824207439
2025-05-10 13:00:00,24.870677515557045,21.310033785079284,0,0,0.93,0.9335075799892745
2025-05-10 14:00:00,21.618062287105623,21.57259036565524,0,0,0.73,0.7310235879981547
2025-05-10 15:00:00,17.917904840713433,21.527572837878257,0,0,0.53,0.5318187559452792
2025-05-10 16:00:00,19.0396351285543,21.514796253153403,0,0,0.47,0.4705990647776552
2025-05-10 17:00:00,19.785062368703876,21.524176454781234,0,0,0.45,0.4473808058061688
2025-05-10 18:00:00,24.78842286201408,21.459961892657155,0,0,1,0.9965435559744625
2025-05-10 19:00:00,22.986502286885198,21.419552708240637,0,0,0.88,0.8762417324687566
2025-05-10 20:00:00,18.040044154869033,21.522440128241588,0,0,0.73,0.7284858561695093
2025-05-10 21:00:00,19.38494939459055,21.470251381976546,0,0,0.58,0.5780618802917803
2025-05-10 22:00:00,20.085374224216874,21.47366769014924,0,0,0.66,0.6594697324094833
2025-05-10 23:00:00,24.448497088387438,21.387406769711752,0,0,0.99,0.9898041363121683
2025-05-11 00:00:00,22.955635570006987,21.24425280651634,0,0,0.78,0.7775029496900747
2025-05-11 01:00:00,22.788890915974232,21.587582368027686,0,0,1.02,1.014792073212433
2025-05-11 02:00:00,22.225073307651527,21.382393721973145,0,0,0.81,0.8075292082679554
2025-05-11 03:00:00,18.996673881531805,21.56575987466538,0,0,0.57,0.568379601002006
2025-05-11 04:00:00,22.525948480123112,21.5197384394007,0,0,0.78,0.7827558066253264
2025-05-11 05:00:00,23.03929794043721,21.293994709412384,0,0,0.89,0.8915980414005759
2025-05-11 06:00:00,21.111741659779877,21.284841639359065,0,0,0.83,0.8336370476409665
2025-05-11 07:00:00,20.180839475359996,21.525800244933063,0,0,0.76,0.7618919747064806
2025-05-11 08:00:00,24.053318168326836,21.536324676206696,0,0,0.79,0.7901521695349099
2025-05-11 09:00:00,18.462071590526683,21.5689782195691,0,0,0.55,0.5481765411453826
2025-05-11 10:00:00,19.490612464174905,21.465770017946234,0,0,0.68,0.6838420598783094
2025-05-11 11:00:00,23.814629523526218,21.48421363338536,0,0,0.82,0.8157988177837436
2025-05-11 12:00:00,25.694858875753955,21.433130191418613,0,0,0.91,0.9131555458629149
2025-05-11 13:00:00,16.97368768193488,21.266107366440906,0,0,0.53,0.5327673240746179
2025-05-11 14:00:00,25.482483176138174,21.517239387504457,0,0,1,1.0028624639659798
2025-05-11 15:00:00,19.67546263785835,21.49275268902021,0,0,0.61,0.6146809349383482
2025-05-11 16:00:00,19.493811651057495,21.620018772048265,0,0,0.6,0.5953163497119204
2025-05-11 17:00:00,23.522236781820386,21.367995264314512,0,0,0.85,0.8477484060165414
2025-05-11 18:00:00,18.690230572338358,21.485700611773964,0,0,0.56,0.5616154111604661
2025-05-11 19:00:00,20.358309078288723,21.201288791427217,0,0,0.69,0.6895000297030048
2025-05-11 20:00:00,24.421421609060825,21.609359638592046,0,0,0.96,0.9627610105999186
2025-05-11 21:00:00,25.560349353220705,21.53758191313352,0,0,1.05,1.0489191471797557
2025-05-11 22:00:00,20.481656537663298,21.575623734840093,0,0,0.78,0.7761647802620273
2025-05-11 23:00:00,23.109339907520354,21.495198366987296,0,0,0.93,0.9325105347299356
2025-05-12 00:00:00,20.475223457222814,21.503285170764695,0,0,0.66,0.6635192298775293
2025-05-12 01:00:00,21.350686540938007,21.523705959473293,0,0,0.72,0.7205858979439618
2025-05-12 02:00:00,21.517750943112816,21.53046749048571,0,0,0.71,0.7084784995485961
2025-05-12 03:00:00,22.588180628891084,21.516136296057326,0,0,1,0.9952949570711651
2025-05-12 04:00:00,22.058051189843358,21.52910037171535,0,0,0.7,0.703971579967015
2025-05-12 05:00:00,16.495378494836448,21.523173492823435,0,0,0.64,0.6448066745697567
2025-05-12 06:00:00,24.19506944058911,21.53482072340825,0,0,0.86,0.860356971543625
2025-05-12 07:00:00,23.927305964424523,21.440769433518685,0,0,0.96,0.9597345295234557
2025-05-12 08:00:00,22.22225535861714,21.556573997998417,0,0,0.95,0.9491282823704512
2025-05-12 09:00:00,17.33181307628393,21.527895700432907,0,0,0.54,0.537519967734095
2025-05-12 10:00:00,21.988794454963042,21.637392126330926,0,0,0.82,0.8199298950717943
2025-05-12 11:00:00,19.14794990661669,21.56888084607912,0,0,0.63,0.6350545469518536
2025-05-12 12:00:00,25.420914903692534,21.557721977076973,0,0,1.05,1.0475084888595332
2025-05-12 13:00:00,18.547448873631083,21.547233443911686,0,0,0.67,0.670268934108518
2025-05-12 14:00:00,23.06109103332288,21.558131947346126,0,0,0.67,0.6657691147510342
2025-05-12 15:00:00,21.812184840327802,21.530221792138438,0,0,0.68,0.6836046797084111
2025-05-12 16:00:00,25.968895683656513,21.566217927020045,0,0,0.78,0.784052355238917
2025-05-12 17:00:00,24.762215107913462,21.483914201978656,0,0,0.92,0.9213180552980762
2025-05-12 18:00:00,18.915622287118776,21.468911281845575,0,0,0.58,0.584104420268249
2025-05-12 19:00:00,21.51000564405665,21.454878760484554,0,0,0.65,0.6516312648774092
2025-05-12 20:00:00,19.532644075438625,21.290365315395658,0,0,0.65,0.6529363283166849
2025-05-12 21:00:00,25.751454743789918,21.511098124521936,0,0,0.94,0.9388894279215705
2025-05-12 22:00:00,21.590891061002836,21.294308518058372,0,0,0.71,0.7081929111511871
2025-05-12 23:00:00,23.31368675973533,21.583565026099727,0,0,0.95,0.9513358716257654
2025-05-13 00:00:00,23.749090785377703,21.42058188145567,0,0,0.88,0.8800863628515908
2025-05-13 01:00:00,19.44458725687191,21.46871582824622,0,0,0.64,0.6384157614560356
2025-05-13 02:00:00,22.121363629704224,21.570367714972257,0,0,0.83,0.82912961138518
2025-05-13 03:00:00,20.204002721496963,21.526563015233613,0,0,0.68,0.6824506221956769
2025-05-13 04:00:00,21.842984992454273,21.590833101534496,0,0,0.78,0.7796475247689922
2025-05-13 05:00:00,21.379212668629062,21.534746316936253,0,0,0.93,0.9294158272491416
2025-05-13 06:00:00,15.21527462054078,21.600612503273233,0,0,0.48,0.47892489647551756
2025-05-13 07:00:00,21.5930091039167,21.578402194323278,0,0,0.72,0.7179666495357933
2025-05-13 08:00:00,21.80374124098219,21.6268459177479,0,0,0.8,0.7970437554113281
2025-05-13 09:00:00,24.44401311419327,21.511162707883468,0,0,0.91,0.907206957219376
2025-05-13 10:00:00,20.383976179120825,21.592364152226384,0,0,0.61,0.6128273972953937
2025-05-13 11:00:00,21.233846852533684,21.620580599149463,0,0,0.68,0.6837182220646857
2025-05-13 12:00:00,25.594852750062323,21.526769264174064,0,0,1.05,1.0484851101309656
2025-05-13 13:00:00,22.409527609149958,21.500518304036085,0,0,0.77,0.765974151406495
2025-05-13 14:00:00,23.628200324936444,21.474162794897815,0,0,0.89,0.8903926422008978
2025-05-13 15:00:00,23.139544607978973,21.412905375724666,0,0,0.7,0.6956255547733167
2025-05-13 16:00:00,19.02670726325432,21.510782477977514,0,0,0.65,0.6504139946810483
2025-05-13 17:00:00,20.38450749304468,21.5401518622623,0,0,0.54,0.5401696117181538
2025-05-13 18:00:00,20.243990011627787,21.439112552112334,0,0,0.79,0.7949781640607502
2025-05-13 19:00:00,23.25199764680295,21.53993688433544,0,0,0.98,0.9757466044026898
2025-05-13 20:00:00,18.952956078323602,21.555637115058595,0,0,0.71,0.7071423931911791
2025-05-13 21:00:00,20.672972702692554,21.521235024402646,0,0,0.77,0.770366200336741
2025-05-13 22:00:00,24.29557886839649,21.488476529700137,0,0,0.88,0.8754762120616986
2025-05-13 23:00:00,24.95088671576362,21.5213478992676,0,0,0.95,0.9486721029204219
2025-05-14 00:00:00,24.7123455154236,21.533707068358503,0,0,0.94,0.9386106372514663
2025-05-14 01:00:00,23.955323277125004,21.564510505871468,0,0,0.87,0.8722922405063627
2025-05-14 02:00:00,19.14815702430561,21.43697512715425,0,0,0.75,0.750172192183246
2025-05-14 03:00:00,19.10249016461403,21.52694995960262,0,0,0.57,0.5668569503222463
2025-05-14 04:00:00,17.675354389657976,21.51407342753962,0,0,0.39,0.3949831167095076
2025-05-14 05:00:00,23.27916800841808,21.580787740473095,0,0,0.88,0.8838764140233273
2025-05-14 06:00:00,19.159250027655464,21.550481568759754,0,0,0.52,0.5159654833810455
2025-05-14 07:00:00,23.268455877001134,21.581529064655026,0,0,0.86,0.8599774413578444
2025-05-14 08:00:00,24.81716585853447,21.370778139230076,0,0,0.83,0.834040223897976
2025-05-14 09:00:00,20.34538721185242,21.46392461618036,0,0,0.79,0.7929645564972357
2025-05-14 10:00:00,23.253391292577675,21.50996066279955,0,0,0.73,0.726439425793886
2025-05-14 11:00:00,19.76389148362761,21.571951934980934,0,0,0.61,0.6148112893138282
2025-05-14 12:00:00,21.268336283545214,21.55736705743061,0,0,0.81,0.8125220724039705
2025-05-14 13:00:00,23.624064564407185,21.545179484058803,0,0,0.88,0.8774844312847301
2025-05-14 14:00:00,21.936810798181114,21.50227833986185,0,0,0.76,0.7588581269538862
2025-05-14 15:00:00,23.950953514250386,21.462963145713175,0,0,0.93,0.9337301089397431
2025-05-14 16:00:00,21.102271564443686,21.546243299475705,0,0,0.64,0.639829928760579
2025-05-14 17:00:00,20.14825435974734,21.57892387881254,0,0,0.62,0.6158861810019596
2025-05-14 18:00:00,22.68747376328734,21.557246193511666,0,0,0.62,0.6153269638913827
2025-05-14 19:00:00,17.01182723809608,21.385985780689722,0,0,0.53,0.5340355817122855
2025-05-14 20:00:00,19.376330645012114,21.49919452368769,0,0,0.68,0.6810188476047961
2025-05-14 21:00:00,19.204133505057513,21.564816469885397,0,0,0.37,0.37189182030042867
2025-05-14 22:00:00,22.939675130350732,21.416944821750917,0,0,0.87,0.870312882695937
2025-05-14 23:00:00,20.87112942966433,21.443329416461694,0,0,0.7,0.7024515351549784
2025-05-15 00:00:00,21.263558932016746,21.41326888050858,0,0,0.66,0.660155381525985
2025-05-15 01:00:00,19.655934335307453,21.471268171700935,0,0,0.6,0.6026288521473356
2025-05-15 02:00:00,19.227638347580324,21.489192240294454,0,0,0.63,0.6307979711206264
2025-05-15 03:00:00,22.42943831115481,21.579079084281542,0,0,0.93,0.9329315481632806
2025-05-15 04:00:00,19.30761403890099,21.581916394336055,0,0,0.61,0.6117480137590247
2025-05-15 05:00:00,25.15119113222963,21.558083718738157,0,0,0.95,0.9506715063122146
2025-05-15 06:00:00,21.906623168837605,21.547627894991315,0,0,0.91,0.9142223551369879
2025-05-15 07:00:00,20.10954385316452,21.369518178129184,0,0,0.61,0.611017419707574
2025-05-15 08:00:00,24.261868558967624,21.58193984252033,0,0,0.8,0.7969744776082348
2025-05-15 09:00:00,18.416934637566374,21.589742200820446,0,0,0.63,0.6341721565225514
2025-05-15 10:00:00,25.229463890939506,21.602421694378503,0,0,1,0.9961380392259385
2025-05-15 11:00:00,20.767844044120018,21.572323267170336,0,0,0.48,0.4851961531648422
2025-05-15 12:00:00,19.134111983809518,21.567253325690817,0,0,0.53,0.5320514829409508
2025-05-15 13:00:00,18.50146370138883,21.559914697734357,0,0,0.52,0.5229568456978405
2025-05-15 14:00:00,21.93174915109458,21.57311340147226,0,0,0.76,0.761998749571777
2025-05-15 15:00:00,20.386753450608023,21.58788650756894,0,0,0.73,0.7299816390705945
2025-05-15 16:00:00,21.48719200521723,21.535947658878566,0,0,0.64,0.6398826106911887
2025-05-15 17:00:00,19.323779946692852,21.542723396379955,0,0,0.61,0.606124544384541
2025-05-15 18:00:00,21.85611119720269,21.436561264862977,0,0,0.8,0.8014987627849322
2025-05-15 19:00:00,19.52204162986325,21.487830272786958,0,0,0.64,0.6427294699933356
2025-05-15 20:00:00,17.713302860636617,21.549056236501606,0,0,0.47,0.46846772749237364
2025-05-15 21:00:00,18.395801321709094,21.54441486306365,0,0,0.5,0.497980653744008
2025-05-15 22:00:00,22.447445019715875,21.370488857908214,0,0,0.81,0.8123901148972508
2025-05-15 23:00:00,23.501820282407415,21.45435134068582,0,0,0.92,0.920390201054831
2025-05-16 00:00:00,22.468376005123726,21.620776904969343,0,0,0.86,0.8566526520399953
2025-05-16 01:00:00,22.367745273750543,21.493523610853032,0,0,0.95,0.9496638691566064
2025-05-16 02:00:00,20.922374339849206,21.545536492940133,0,0,0.64,0.637199656138125
2025-05-16 03:00:00,24.367099727710702,21.566097307329954,0,0,1.03,1.032974651811053
2025-05-16 04:00:00,16.974386972642204,21.47661421876811,0,0,0.47,0.4682474822190068
2025-05-16 05:00:00,24.75272497119695,21.566139352831254,0,0,0.91,0.9062611004682798
2025-05-16 06:00:00,22.269857416492016,21.519419746066063,0,0,0.67,0.6728535524160074
2025-05-16 07:00:00,18.346080680340055,21.365851354866507,0,0,0.51,0.5100268864775725
2025-05-16 08:00:00,20.155867102405587,21.403838823267158,0,0,0.83,0.8259797397871064
2025-05-16 09:00:00,21.889312577855048,21.25421820241059,0,0,0.81,0.8128190615333709
2025-05-16 10:00:00,24.484666737183776,21.333300157834802,0,0,1.01,1.0111056679196988
2025-05-16 11:00:00,24.191367393433822,21.428359926535492,0,0,1.06,1.0597761380241582
2025-05-16 12:00:00,19.103947158847745,21.549876505325138,0,0,0.51,0.5142767814201209
2025-05-16 13:00:00,21.418417792884483,21.533328250534897,0,0,0.74,0.7444459826996253
2025-05-16 14:00:00,21.919576663446676,21.550367342918978,0,0,0.7,0.7010094589256595
2025-05-16 15:00:00,19.23040913610853,21.577938860824585,0,0,0.61,0.6120540035524373
2025-05-16 16:00:00,22.958500114964163,21.59140071699165,0,0,0.8,0.8044296273095838
2025-05-16 17:00:00,19.78597714640507,21.539549977468422,0,0,0.81,0.810006464660487
2025-05-16 18:00:00,22.004834230557382,21.547744293328808,0,0,0.8,0.7951451702850406
2025-05-16 19:00:00,20.95086105250705,21.49730264423192,0,0,0.64,0.640286414049227
2025-05-16 20:00:00,22.743193068362206,21.556873714203945,0,0,0.86,0.8619732529296409
2025-05-16 21:00:00,23.319387724513135,21.31948469957527,0,0,0.83,0.8312542313056319
2025-05-16 22:00:00,21.488200820370587,21.557076135180065,0,0,0.79,0.7924078059578246
2025-05-16 23:00:00,23.38333891264567,21.546224356136246,0,0,0.86,0.856772978424287
2025-05-17 00:00:00,23.94964331965985,21.31120552061057,0,0,0.89,0.8916847063052922
2025-05-17 01:00:00,21.418831063874016,21.496784731788352,0,0,0.78,0.7760934956756844
2025-05-17 02:00:00,19.411051101242542,21.52755198905185,0,0,0.63,0.6252165529047439
2025-05-17 03:00:00,21.12340536199341,21.47606148497821,0,0,0.77,0.773773512294557
2025-05-17 04:00:00,21.58109341129069,21.592351630649592,0,0,0.97,0.9706004162871857
2025-05-17 05:00:00,19.819249845882783,21.515970426993615,0,0,0.78,0.7830826182011873
2025-05-17 06:00:00,24.964584806321124,21.35081661843708,0,0,0.92,0.9164715188843043
2025-05-17 07:00:00,21.60044953543947,21.329630266092327,0,0,0.75,0.7530761038392167
2025-05-17 08:00:00,19.782606943128773,21.466106890719203,0,0,0.59,0.5909602913912759
2025-05-17 09:00:00,25.29137733196612,21.560489722924274,0,0,0.97,0.968998661560191
2025-05-17 10:00:00,22.96873974526756,21.36898284612973,0,0,0.79,0.7912800912856914
2025-05-17 11:00:00,21.443802153366818,21.467844733248604,0,0,0.68,0.6789084009854386
2025-05-17 12:00:00,21.886204752705346,21.625128264446992,0,0,0.86,0.8553009532154582
2025-05-17 13:00:00,20.54328505798282,21.56484898679507,0,0,0.61,0.6144489678901595
2025-05-17 14:00:00,23.337748119639883,21.417826748749178,0,0,1.02,1.018096627537901
2025-05-17 15:00:00,16.91684379152085,21.501352788174497,0,0,0.47,0.46982858660169147
2025-05-17 16:00:00,22.15472105150248,21.57191706308298,0,0,0.68,0.684594350236823
2025-05-17 17:00:00,21.20806505418417,21.589186709806643,0,0,0.84,0.8372990764175329
2025-05-17 18:00:00,22.30679073632496,21.505912021129078,0,0,0.87,0.8715936956753625
2025-05-17 19:00:00,24.489423072295676,21.510369496254796,0,0,1.05,1.0449530239311997
2025-05-17 20:00:00,23.397302215424162,21.48590735686328,0,0,0.91,0.9122628493288376
2025-05-17 21:00:00,21.61303625754797,21.45624427031575,0,0,0.8,0.795518179403957
2025-05-17 22:00:00,22.401768227961874,21.509298062190407,0,0,0.63,0.6273316203154478
2025-05-17 23:00:00,24.271928714459904,21.394519259615546,0,0,0.92,0.9234999957375769
2025-05-18 00:00:00,22.07062059940074,21.548359645937197,0,0,0.74,0.741494379959026
2025-05-18 01:00:00,22.626469978987426,21.556118672335298,0,0,0.8,0.799672011646557
2025-05-18 02:00:00,24.127230050029443,21.447950787644594,0,0,0.94,0.9410956629886151
2025-05-18 03:00:00,21.977810557466395,21.540455726122357,0,0,0.77,0.7729042721010675
2025-05-18 04:00:00,20.79004941004487,21.49829749819228,0,0,0.71,0.7141355244504096
2025-05-18 05:00:00,20.308255505484215,21.531234596867808,0,0,0.73,0.7303210123382217
2025-05-18 06:00:00,22.655040095181995,21.58711899226264,0,0,0.8,0.8044728853713781
2025-05-18 07:00:00,23.34441174561297,21.42743427699503,0,0,0.89,0.887045187612676
2025-05-18 08:00:00,21.32726847830944,21.53532865269094,0,0,0.64,0.6415419427922318
2025-05-18 09:00:00,19.424557076224847,21.61712011645645,0,0,0.58,0.5785156850748202
2025-05-18 10:00:00,22.908228639618407,21.57330834361867,0,0,0.95,0.9481321725960923
2025-05-18 11:00:00,20.543263576770393,21.56458828193443,0,0,0.49,0.49368251203014807
2025-05-18 12:00:00,19.34788963139653,21.60218288700406,0,0,0.71,0.7108735576158179
2025-05-18 13:00:00,22.67599937182842,21.594513277841518,0,0,0.81,0.813767245333715
2025-05-18 14:00:00,24.180715188355244,21.5141504614115,0,0,0.85,0.8454902012670169
2025-05-18 15:00:00,24.231668108470483,21.441882959817967,0,0,0.88,0.876431037243362
2025-05-18 16:00:00,19.16462870572668,21.48156702060197,0,0,0.68,0.6843858468049316
2025-05-18 17:00:00,21.06104518820905,21.561380233083135,0,0,0.89,0.8902762328441265
2025-05-18 18:00:00,19.373276192082116,21.601391393738744,0,0,0.67,0.67172136992654
2025-05-18 19:00:00,20.870490445675916,21.54736222022574,0,0,0.8,0.799904522167114
2025-05-18 20:00:00,20.825524235398387,21.445195638251768,0,0,0.72,0.7155201625053877
2025-05-18 21:00:00,21.22701134574747,21.431143608856623,0,0,0.63,0.6327222657542839
2025-05-18 22:00:00,24.384880301185337,21.63072566205418,0,0,1.07,1.0694408555842358
2025-05-18 23:00:00,22.39133833263416,21.514071148192972,0,0,0.72,0.7155076148253177
2025-05-19 00:00:00,21.099485103890487,21.525140376181778,0,0,0.66,0.6619639479358381
2025-05-19 01:00:00,26.245369246770558,21.620068512283733,0,0,1.01,1.0113725452029363
2025-05-19 02:00:00,19.077288154047093,21.548198960000306,0,0,0.6,0.601657338966811
2025-05-19 03:00:00,21.961634099697694,21.402017932698378,0,0,0.86,0.8638755563289224
2025-05-19 04:00:00,22.10633123078751,21.55270824915269,0,0,0.95,0.946450467091324
2025-05-19 05:00:00,24.33127014753282,21.48728684024152,0,0,1.06,1.0567617445254958
2025-05-19 06:00:00,20.05824489466151,21.591884382942258,0,0,0.53,0.5330202995101918
2025-05-19 07:00:00,17.98686818238059,21.478406757341084,0,0,0.49,0.4941517300267266
2025-05-19 08:00:00,22.55665717975966,21.276235736133682,0,0,0.99,0.9896723817307895
2025-05-19 09:00:00,20.91609763202645,21.4438136533831,0,0,0.63,0.6328681818470983
2025-05-19 10:00:00,19.106830174282774,21.54095997158863,0,0,0.53,0.525813378607169
2025-05-19 11:00:00,26.13751669326401,21.314627472373694,0,0,1.06,1.0581128108088884
2025-05-19 12:00:00,17.08857230036359,21.526358841890705,0,0,0.49,0.49028708573881513
2025-05-19 13:00:00,24.614040024422906,21.541028136346586,0,0,0.95,0.9478989727090129
2025-05-19 14:00:00,24.186617070460983,21.57091318650932,0,0,0.94,0.9405311940480616
2025-05-19 15:00:00,21.659455538270908,21.621323101327217,0,0,0.74,0.7372289065298645
2025-05-19 16:00:00,18.16240041007062,21.480619497924383,0,0,0.64,0.6372970659219401
2025-05-19 17:00:00,23.128581904302518,21.454934807544262,0,0,0.96,0.9570432933866975
2025-05-19 18:00:00,21.731492118216206,21.285787409031784,0,0,0.73,0.7311581578883884
2025-05-19 19:00:00,22.002501802616468,21.546191462918944,0,0,0.94,0.9433563039639979
2025-05-19 20:00:00,22.8750812061868,21.501869560656115,0,0,1.04,1.0400814967781529
2025-05-19 21:00:00,19.86953232577237,21.528276159956366,0,0,0.62,0.6183671104715003
2025-05-19 22:00:00,20.683336401703915,21.509209929581164,0,0,0.86,0.8638875344030342
2025-05-19 23:00:00,18.446644479330573,21.520473350495294,0,0,0.48,0.48250607916459454
2025-05-20 00:00:00,22.976821900160093,21.26844506840283,0,0,0.76,0.7647265281372352
2025-05-20 01:00:00,18.9075849229167,21.58497510355346,0,0,0.69,0.6863783434680473
2025-05-20 02:00:00,21.481236277584507,21.625365583980027,0,0,0.73,0.7284113582825018
2025-05-20 03:00:00,23.876731307267985,21.33410018837832,0,0,0.92,0.9241458005754097
2025-05-20 04:00:00,20.8189154492006,21.56749818055412,0,0,0.61,0.6071306610675773
2025-05-20 05:00:00,21.54118658783415,21.618702292258007,0,0,0.67,0.6680873449494956
2025-05-20 06:00:00,21.145859468653057,21.566558052093924,0,0,0.76,0.7587284101381422
2025-05-20 07:00:00,24.542352899860354,21.56380527303923,0,0,1.04,1.0368093208540472
2025-05-20 08:00:00,21.055018499715395,21.541881560943246,0,0,0.65,0.6466152450204687
2025-05-20 09:00:00,19.410788354759347,21.46206973910662,0,0,0.58,0.5777615250744929
2025-05-20 10:00:00,18.191931841478052,21.5966718219685,0,0,0.44,0.4386921078165697
2025-05-20 11:00:00,21.668005593464414,21.60853933764787,0,0,0.78,0.7848521214582307
2025-05-20 12:00:00,25.040993992294215,21.48457604159972,0,0,1.09,1.0866590253105817
2025-05-20 13:00:00,24.77886155076158,21.494658260747375,0,0,1.02,1.0203902306968518
2025-05-20 14:00:00,19.501082444438484,21.419917274227654,0,0,0.6,0.6050640652908179
2025-05-20 15:00:00,19.722012034009165,21.532633070554287,0,0,0.6,0.6022274242321939
2025-05-20 16:00:00,21.973714843193115,21.47040110085997,0,0,0.82,0.8196949457797835
2025-05-20 17:00:00,23.880477613547015,21.586900745739214,0,0,0.88,0.884443672181381
2025-05-20 18:00:00,19.712147343618934,21.54578361781276,0,0,0.71,0.7120987828694936
2025-05-20 19:00:00,22.17524852768334,21.549460520319133,0,0,0.79,0.7947679636802211
2025-05-20 20:00:00,18.868531736543773,21.602031917344355,0,0,0.55,0.5453040613377604
2025-05-20 21:00:00,22.02195347377861,21.538117461482628,0,0,0.86,0.8641059827194352
2025-05-20 22:00:00,20.525491081165967,21.471385743235945,0,0,0.69,0.6907937876018905
2025-05-20 23:00:00,19.499525795853323,21.6230153285428,0,0,0.69,0.6929230590922653
2025-05-21 00:00:00,20.619719789149162,21.60030202688313,0,0,0.74,0.7376793559018067
2025-05-21 01:00:00,21.548115855474517,21.38711406107584,0,0,0.72,0.7206024953421419
2025-05-21 02:00:00,24.50423481067911,21.496783889193665,0,0,0.98,0.9788984077176217
2025-05-21 03:00:00,24.160084567522084,21.527462618111507,0,0,0.99,0.993036148480186
2025-05-21 04:00:00,20.464058082616933,21.386719811934007,0,0,0.71,0.7143527426194267
2025-05-21 05:00:00,25.295165070615422,21.499081517107868,0,0,1.07,1.0719682661834404
2025-05-21 06:00:00,23.297805525682318,21.571840584837563,0,0,0.8,0.7958647131803869
2025-05-21 07:00:00,22.09980906956574,21.521463042235286,0,0,0.61,0.60722933808811
2025-05-21 08:00:00,21.949303371759797,21.366547679299003,0,0,0.94,0.9364361684124433
2025-05-21 09:00:00,21.757711548712326,21.553145931855997,0,0,0.74,0.7388493222931976
2025-05-21 10:00:00,23.10036532778983,21.5303471802463,0,0,0.71,0.7103028864148941
2025-05-21 11:00:00,24.07131151157853,21.18655382192358,0,0,0.96,0.9604207225956525
2025-05-21 12:00:00,24.555190723835224,21.548486203700286,0,0,0.9,0.8957999907645924
2025-05-21 13:00:00,21.85298731347474,21.45720206941727,0,0,0.91,0.9141259224549194
2025-05-21 14:00:00,20.78958811762653,21.55760546187335,0,0,0.58,0.5787079286155618
2025-05-21 15:00:00,24.90371709917438,21.221285508704696,0,0,0.98,0.9836293820866326
2025-05-21 16:00:00,22.924084261417548,21.536483878578775,0,0,0.84,0.8381028450810987
2025-05-21 17:00:00,23.547859781366366,21.34236555650711,0,0,0.82,0.8204654548062362
2025-05-21 18:00:00,21.80235871495461,21.49415586420873,0,0,0.71,0.7129366633491317
2025-05-21 19:00:00,22.793509217422873,21.6059630407458,0,0,0.82,0.8198975175657812
2025-05-21 20:00:00,22.027182287826253,21.43872141110977,0,0,0.75,0.7475674008364532
2025-05-21 21:00:00,24.327470044488795,21.585282272453234,0,0,0.84,0.8421396253482523
2025-05-21 22:00:00,25.67486784893362,21.509303429302527,0,0,1.07,1.068692209999345
2025-05-21 23:00:00,23.15663842453515,21.588598270806727,0,0,0.7,0.6985898503167791
2025-05-22 00:00:00,19.049436902106084,21.43325657214102,0,0,0.58,0.5807918526560898
2025-05-22 01:00:00,22.306676260456076,21.453714841925372,0,0,0.79,0.7927340177119483
2025-05-22 02:00:00,20.042055397019382,21.49992248035173,0,0,0.67,0.6711090029380116
2025-05-22 03:00:00,20.48273525868607,21.50177492579511,0,0,0.69,0.6860394484313687
2025-05-22 04:00:00,23.693166416258304,21.571009998031755,0,0,1,1.002107312468738
2025-05-22 05:00:00,18.659170629404176,21.56430432591996,0,0,0.63,0.6289446551787261
2025-05-22 06:00:00,20.654824036509478,21.52764563201094,0,0,0.68,0.6758425326519613
2025-05-22 07:00:00,18.033730628938585,21.51656263183003,0,0,0.76,0.7635140077772683
2025-05-22 08:00:00,17.920619327653075,21.49889892581647,0,0,0.45,0.4535146153658468
2025-05-22 09:00:00,21.879324335552482,21.617672396525002,0,0,0.75,0.7506326829727996
2025-05-22 10:00:00,22.46002034623202,21.5742581681782,0,0,0.85,0.8501263574912579
2025-05-22 11:00:00,21.55972538332603,21.5800573755878,0,0,0.86,0.8638996878274866
2025-05-22 12:00:00,25.883795048509953,21.523042967837657,0,0,1.05,1.0507281215589162
2025-05-22 13:00:00,23.40996218366992,21.545208603396677,0,0,0.74,0.7407556413005272
2025-05-22 14:00:00,23.827641997516086,21.371401576089934,0,0,0.89,0.8943839891731193
2025-05-22 15:00:00,20.51951618344521,21.523494580600403,0,0,0.83,0.8317856027891211
2025-05-22 16:00:00,22.004309516538697,21.42020040735509,0,0,0.83,0.8291206575931127
2025-05-22 17:00:00,24.34143457217653,21.34238991900661,0,0,1.02,1.01667197446238
2025-05-22 18:00:00,19.738809129539707,21.544428773646253,0,0,0.71,0.7076722323430756
2025-05-22 19:00:00,16.790504217100843,21.517892746262334,0,0,0.5,0.5045267106243874
2025-05-22 20:00:00,21.72069854121127,21.59920036227606,0,0,0.88,0.8804985476625491
2025-05-22 21:00:00,21.274207517296734,21.562326990500868,0,0,0.81,0.8140347527016731
2025-05-22 22:00:00,24.2677347985316,21.469847502227985,0,0,0.86,0.8619763991910706
2025-05-22 23:00:00,18.631009546580657,21.517421266142453,0,0,0.4,0.4026325516387134
2025-05-23 00:00:00,20.352545074432282,21.65168406170874,0,0,0.72,0.7230530095423154
2025-05-23 01:00:00,23.690406934542068,21.615425849367984,0,0,0.86,0.8619761091383566
2025-05-23 02:00:00,21.85891507689948,21.284734483421133,0,0,0.93,0.926625013014157
2025-05-23 03:00:00,22.719262527746427,21.57629546336338,0,0,0.71,0.7052701746147093
2025-05-23 04:00:00,20.471118919174355,21.59972716539879,0,0,0.41,0.41031385887420724
2025-05-23 05:00:00,21.463639562044676,21.311934815729174,0,0,0.84,0.8355362208566003
2025-05-23 06:00:00,18.44530039809699,21.51784153846804,0,0,0.49,0.49153025307531006
2025-05-23 07:00:00,21.52748239597023,21.420982345611062,0,0,0.78,0.7784369063156428
2025-05-23 08:00:00,19.817105395170476,21.503169606074543,0,0,0.63,0.6337408990544887
2025-05-23 09:00:00,22.095252188203595,21.544659305510432,0,0,0.8,0.8047633211761052
2025-05-23 10:00:00,22.42168635566777,21.530494746525402,0,0,0.59,0.592191952036484
2025-05-23 11:00:00,21.495723997336732,21.524909750065174,0,0,0.71,0.7107305927127414
2025-05-23 12:00:00,24.145816824333956,21.529384482970244,0,0,0.99,0.9912367765503137
2025-05-23 13:00:00,21.505772650735018,21.425784425811305,0,0,0.73,0.7257465211048787
2025-05-23 14:00:00,21.172244849525907,21.602250252186913,0,0,0.69,0.6853620187831463
2025-05-23 15:00:00,23.93340146361651,21.257734592675924,0,0,0.98,0.977397284179573
2025-05-23 16:00:00,21.427612997135054,21.523147095968895,0,0,0.75,0.7511186456304616
2025-05-23 17:00:00,20.86200639462844,21.53919922666504,0,0,0.86,0.8625860584340553
2025-05-23 18:00:00,21.865005488950732,21.52283954806421,0,0,0.87,0.8686455761026071
2025-05-23 19:00:00,23.202229025402975,21.528443086004216,0,0,0.82,0.8153846408015906
2025-05-23 20:00:00,21.194584269842238,21.46230583504349,0,0,0.63,0.6320110188616703
2025-05-23 21:00:00,22.62449370272138,21.506263823169594,0,0,0.83,0.8306433509985436
2025-05-23 22:00:00,22.31960733340469,21.53016837680021,0,0,0.81,0.8113861481553826
2025-05-23 23:00:00,23.807228037762275,21.40741680460946,0,0,0.93,0.9312445314985309
2025-05-24 00:00:00,18.5674521768537,21.565737771716346,0,0,0.52,0.5168654803853401
2025-05-24 01:00:00,21.716265531375424,21.249405625336575,0,0,0.7,0.7008941234718898
2025-05-24 02:00:00,21.991523672164064,21.585891698380884,0,0,0.89,0.8881767858211176
2025-05-24 03:00:00,18.631622586504246,21.48046859693119,0,0,0.59,0.5944016393266185
2025-05-24 04:00:00,21.234528933383746,21.407827731575686,0,0,0.75,0.7529208831419005
2025-05-24 05:00:00,26.095658053147606,21.545116650686875,0,0,1.04,1.0390315386733553
2025-05-24 06:00:00,21.595971661205496,21.53880787619386,0,0,0.83,0.8265081824889706
2025-05-24 07:00:00,22.357462166137502,21.603145455796856,0,0,0.83,0.8313348766653684
2025-05-24 08:00:00,19.54659759097439,21.52817300812944,0,0,0.71,0.7079285014744843
2025-05-24 09:00:00,21.518379370829983,21.521528652322463,0,0,0.91,0.9072661321982949
2025-05-24 10:00:00,21.806986981034157,21.537761056564293,0,0,0.74,0.7365460428905422
2025-05-24 11:00:00,20.563806505097357,21.44967576703919,0,0,0.79,0.793150932639924
2025-05-24 12:00:00,19.788805874682073,21.5438684572745,0,0,0.59,0.5888172321260889
2025-05-24 13:00:00,23.68032852913253,21.49800302562074,0,0,0.98,0.9832599566868379
2025-05-24 14:00:00,22.000637765465818,21.509329501028642,0,0,0.76,0.7562502493469274
2025-05-24 15:00:00,20.20770750576357,21.59671442035613,0,0,0.65,0.6479624469235088
2025-05-24 16:00:00,19.93659537520133,21.474391129607305,0,0,0.6,0.6025361999452014
2025-05-24 17:00:00,20.76718244719942,21.609542192032624,0,0,0.58,0.5812065856436028
2025-05-24 18:00:00,26.010900000616658,21.57987583531839,0,0,0.91,0.910098748390979
2025-05-24 19:00:00,19.374325726301652,21.37337076852961,0,0,0.67,0.6698142904348293
2025-05-24 20:00:00,21.78401367913787,21.573865812208236,0,0,0.79,0.7930845975695168
2025-05-24 21:00:00,20.430568389974788,21.540466244612233,0,0,0.68,0.6762323673888138
2025-05-24 22:00:00,19.304133628195473,21.583043612892634,0,0,0.67,0.6653324629422778
2025-05-24 23:00:00,23.190643216578724,21.585481825047637,0,0,0.95,0.9528066404887596
2025-05-25 00:00:00,18.127889530192988,21.49071372714423,0,0,0.71,0.7092299337957891
2025-05-25 01:00:00,21.675344260572786,21.57845564674406,0,0,0.75,0.7535417285594193
2025-05-25 02:00:00,19.533120763724884,21.4977174746423,0,0,0.77,0.7656255768412552
2025-05-25 03:00:00,21.356078638979394,21.547057688667795,0,0,0.89,0.8871931482763277
2025-05-25 04:00:00,21.40138355195938,21.489413850658615,0,0,0.71,0.7110505083503049
2025-05-25 05:00:00,19.14124904462913,21.29270096877184,0,0,0.63,0.6303323431204624
2025-05-25 06:00:00,21.128670083150094,21.538481162509385,0,0,0.82,0.8179124816142515
2025-05-25 07:00:00,20.64664609179005,21.50646348879055,0,0,0.63,0.6343315925161672
2025-05-25 08:00:00,21.8909121108839,21.420942038149676,0,0,0.89,0.8941560655677161
2025-05-25 09:00:00,25.682756185201164,21.456507972609312,0,0,1.09,1.09102955859158
2025-05-25 10:00:00,21.810945702274385,21.48451026892453,0,0,0.89,0.8932196853729167
2025-05-25 11:00:00,20.273364929452818,21.4682956343213,0,0,0.64,0.6385492688549058
2025-05-25 12:00:00,22.42037586105635,21.241362442245606,0,0,0.86,0.8645647631253972
2025-05-25 13:00:00,21.125630711837204,21.546321009338673,0,0,0.65,0.6518916732390825
2025-05-25 14:00:00,21.603889324209078,21.619286009598508,0,0,0.8,0.802165093499973
2025-05-25 15:00:00,23.975592962223637,21.59642556604784,0,0,0.81,0.8141204336130027
2025-05-25 16:00:00,24.352449678947522,21.582043258263813,0,0,1.01,1.0079486974074745
2025-05-25 17:00:00,16.842415024386415,21.434324424340407,0,0,0.42,0.42175235813991374
2025-05-25 18:00:00,24.57087380719775,21.596204908349062,0,0,0.9,0.8953185092929599
2025-05-25 19:00:00,18.661678184926597,21.47751010637847,0,0,0.64,0.6441053054155869
2025-05-25 20:00:00,19.549397788817565,21.475734956962068,0,0,0.65,0.6499615841192875
2025-05-25 21:00:00,18.623416313401343,21.385236448284342,0,0,0.67,0.6650841581426209
2025-05-25 22:00:00,22.79611799673163,21.596795412032005,0,0,0.66,0.6638312523987282
2025-05-25 23:00:00,19.95978136326657,21.2227346639159,0,0,0.69,0.6867496838764023
2025-05-26 00:00:00,20.586996485886495,21.48028369887021,0,0,0.74,0.7362395104776117
2025-05-26 01:00:00,22.136979033380914,21.55770887115616,0,0,0.77,0.7723615118096318
2025-05-26 02:00:00,19.082878936729873,21.576102230294484,0,0,0.48,0.4777867526525021
2025-05-26 03:00:00,23.08522741219642,21.622019824157107,0,0,0.91,0.9083526119700187
2025-05-26 04:00:00,18.855635987239374,21.550464791157403,0,0,0.5,0.50337755152116
2025-05-26 05:00:00,22.602379111590324,21.44679317073397,0,0,0.64,0.6369813940108836
2025-05-26 06:00:00,19.87326292015273,21.588215225798063,0,0,0.7,0.704119349994283
2025-05-26 07:00:00,24.159591707104596,21.576425478465538,0,0,0.83,0.8339314397284474
2025-05-26 08:00:00,20.44123278352162,21.398079385795988,0,0,0.52,0.5172610714318009
2025-05-26 09:00:00,20.806456665771215,21.37316699054584,0,0,0.62,0.6180895457079372
2025-05-26 10:00:00,18.35429066064002,21.288150811953123,0,0,0.57,0.5660856105621492
2025-05-26 11:00:00,24.64629371308649,21.572610155905767,0,0,1.02,1.0239704308564694
2025-05-26 12:00:00,22.41684095656614,21.56428030310438,0,0,0.84,0.8394318337697315
2025-05-26 13:00:00,22.909310784492106,21.532395895563415,0,0,0.77,0.7704124090904041
2025-05-26 14:00:00,21.284546572256318,21.362774886974925,0,0,0.91,0.9093818094203446
2025-05-26 15:00:00,22.45712450229129,21.51610344276931,0,0,0.86,0.8635596064084136
2025-05-26 16:00:00,21.278572407116002,21.504218473077692,0,0,0.8,0.8023893480964778
2025-05-26 17:00:00,17.750417113579836,21.553359157860317,0,0,0.43,0.43005898444387564

